"created_at","topic_familiarity","topic_id","user_id"
"2023-03-28T14:42:11.503Z",1,"T5","6422fcb5185744047cc41c8b"
"2023-03-28T15:16:29.690Z",1,"T1","642304c0ad642925c209928a"
"2023-03-28T15:16:39.899Z",1,"T10","642304d04d2cb1cd50d5e42e"
"2023-03-28T15:18:04.861Z",1,"T5","642305204d2cb1cd50d5e434"
"2023-03-28T15:18:23.451Z",2,"T10","642305264d2cb1cd50d5e435"
"2023-03-28T15:18:47.752Z",1,"T10","642305434d2cb1cd50d5e43a"
"2023-03-29T14:55:37.060Z",4,"T10","642451582f63da2abdc4a093"
"2023-03-29T14:55:55.493Z",3,"T10","642451712f63da2abdc4a095"
"2023-03-29T14:59:27.423Z",2,"T8","642452312f63da2abdc4a09b"
"2023-03-29T14:59:51.943Z",2,"T5","642452592f63da2abdc4a09d"
"2023-03-29T15:00:30.358Z",3,"T5","642452822f63da2abdc4a09f"
"2023-03-29T15:02:25.018Z",1,"T10","642452f12f63da2abdc4a0a5"
"2023-03-29T15:02:27.456Z",1,"T5","642452f42f63da2abdc4a0a6"
"2023-03-29T15:02:56.916Z",2,"T5","64245312f1ea98466bcab451"
"2023-03-29T15:03:14.869Z",1,"T5","6424531ff1ea98466bcab452"
"2023-03-29T15:04:32.539Z",1,"T1","64245377f1ea98466bcab459"
"2023-03-29T15:04:46.358Z",4,"T8","64245372f1ea98466bcab457"
"2023-03-29T15:05:20.133Z",2,"T8","64245389f1ea98466bcab45c"
"2023-03-29T15:05:33.266Z",1,"T1","642453aff1ea98466bcab45f"
"2023-03-29T15:05:51.320Z",1,"T10","642453c5f1ea98466bcab461"
"2023-03-29T15:06:12.628Z",1,"T5","642453d5f1ea98466bcab464"
"2023-03-29T15:06:38.202Z",1,"T5","642453f0f1ea98466bcab467"
"2023-03-29T15:06:54.766Z",2,"T10","64245405f1ea98466bcab46d"
"2023-03-29T15:07:30.951Z",1,"T1","642454282f63da2abdc4a0a9"
"2023-03-29T15:08:00.531Z",2,"T8","64245441f1ea98466bcab47a"
"2023-03-29T15:08:12.002Z",4,"T1","64245452f1ea98466bcab47c"
"2023-03-29T15:08:19.432Z",1,"T8","6424545bf1ea98466bcab47d"
"2023-03-29T15:08:50.933Z",1,"T5","64245476f1ea98466bcab484"
"2023-03-29T15:08:53.277Z",4,"T8","6424546cf1ea98466bcab481"
"2023-03-29T15:08:53.287Z",2,"T10","64245470f1ea98466bcab482"
"2023-03-29T15:08:54.209Z",1,"T5","642454792f63da2abdc4a0ab"
"2023-03-29T15:08:58.695Z",1,"T1","6424547b2f63da2abdc4a0ac"
"2023-03-29T15:09:13.324Z",4,"T10","6424548df1ea98466bcab489"
"2023-03-29T15:09:23.408Z",3,"T1","64245485f1ea98466bcab486"
"2023-03-29T15:09:36.243Z",1,"T5","642454a1f1ea98466bcab48d"
"2023-03-29T15:09:37.093Z",1,"T5","64245497f1ea98466bcab48b"
"2023-03-29T15:09:42.883Z",1,"T8","642454b12f63da2abdc4a0af"
"2023-03-29T15:10:21.783Z",3,"T10","642454cff1ea98466bcab49c"
"2023-03-29T15:10:41.413Z",1,"T1","642454ea2f63da2abdc4a0b0"
"2023-03-29T15:11:02.875Z",1,"T5","642454fd2f63da2abdc4a0b4"
"2023-03-29T15:11:05.369Z",2,"T5","642454fa2f63da2abdc4a0b3"
"2023-03-29T15:11:13.723Z",3,"T8","64245505f1ea98466bcab4a3"
"2023-03-29T15:11:20.417Z",1,"T1","6424550df1ea98466bcab4a6"
"2023-03-29T15:11:23.744Z",1,"T1","6424550ef1ea98466bcab4a7"
"2023-03-29T15:11:34.415Z",2,"T1","64245516f1ea98466bcab4a9"
"2023-03-29T15:11:40.179Z",3,"T10","6424551df1ea98466bcab4ac"
"2023-03-29T15:11:40.821Z",1,"T5","642455252f63da2abdc4a0b7"
"2023-03-29T15:11:48.815Z",1,"T8","64245524f1ea98466bcab4af"
"2023-03-29T15:11:57.483Z",1,"T10","6424552c2f63da2abdc4a0ba"
"2023-03-29T15:11:58.632Z",1,"T1","6424552df1ea98466bcab4b2"
"2023-03-29T15:12:01.400Z",3,"T10","64245531f1ea98466bcab4b3"
"2023-03-29T15:12:14.222Z",2,"T8","6424553af1ea98466bcab4b8"
"2023-03-29T15:12:36.373Z",1,"T5","6424555d2f63da2abdc4a0c7"
"2023-03-29T15:12:43.455Z",2,"T5","6424555820f7049a5a59a038"
"2023-03-29T15:12:44.123Z",2,"T1","642455572f63da2abdc4a0c5"
"2023-03-29T15:12:44.521Z",1,"T1","6424555a20f7049a5a59a039"
"2023-03-29T15:12:49.319Z",3,"T5","6424556120f7049a5a59a03b"
"2023-03-29T15:12:56.867Z",1,"T8","6424556320f7049a5a59a03c"
"2023-03-29T15:13:09.728Z",1,"T5","642455722f63da2abdc4a0d0"
"2023-03-29T15:13:09.996Z",1,"T1","64245576f1ea98466bcab4be"
"2023-03-29T15:13:10.990Z",3,"T10","6424557620f7049a5a59a03d"
"2023-03-29T15:13:12.401Z",2,"T1","6424557af1ea98466bcab4c0"
"2023-03-29T15:13:21.839Z",3,"T8","6424556f2f63da2abdc4a0cd"
"2023-03-29T15:13:31.076Z",1,"T8","642455642f63da2abdc4a0c8"
"2023-03-29T15:13:37.046Z",3,"T1","6424558920f7049a5a59a041"
"2023-03-29T15:13:41.275Z",2,"T8","6424559520f7049a5a59a045"
"2023-03-29T15:13:45.115Z",4,"T8","6424559af1ea98466bcab4c8"
"2023-03-29T15:13:49.531Z",1,"T1","6424559e20f7049a5a59a048"
"2023-03-29T15:13:56.119Z",1,"T1","642455a8f1ea98466bcab4ca"
"2023-03-29T15:13:58.299Z",1,"T8","6424559ff1ea98466bcab4c9"
"2023-03-29T15:13:58.448Z",1,"T1","642455a820f7049a5a59a04b"
"2023-03-29T15:14:23.323Z",4,"T8","642455be2f63da2abdc4a0d6"
"2023-03-29T15:14:25.269Z",3,"T1","642455c0f1ea98466bcab4d3"
"2023-03-29T15:14:30.342Z",1,"T10","642455d120f7049a5a59a04c"
"2023-03-29T15:14:44.749Z",1,"T1","642455d5f1ea98466bcab4db"
"2023-03-29T15:14:44.910Z",1,"T8","642455cef1ea98466bcab4d6"
"2023-03-29T15:14:59.510Z",3,"T1","642455dc20f7049a5a59a050"
"2023-03-29T15:15:05.504Z",1,"T1","642455ecf1ea98466bcab4df"
"2023-03-29T15:15:16.909Z",2,"T1","642455cf2f63da2abdc4a0d8"
"2023-03-29T15:15:16.974Z",3,"T10","642455f520f7049a5a59a056"
"2023-03-29T15:15:21.819Z",2,"T8","6424560420f7049a5a59a05d"
"2023-03-29T15:15:26.353Z",1,"T5","64245601f1ea98466bcab4e5"
"2023-03-29T15:15:30.650Z",2,"T5","64245609f1ea98466bcab4ea"
"2023-03-29T15:15:32.683Z",4,"T10","64245608f1ea98466bcab4e9"
"2023-03-29T15:15:36.661Z",4,"T10","642456092f63da2abdc4a0db"
"2023-03-29T15:15:38.981Z",1,"T10","6424561120f7049a5a59a062"
"2023-03-29T15:15:41.052Z",1,"T1","6424561320f7049a5a59a064"
"2023-03-29T15:15:45.917Z",1,"T8","642456162f63da2abdc4a0de"
"2023-03-29T15:15:51.110Z",1,"T5","64245612f1ea98466bcab4ec"
"2023-03-29T15:15:58.544Z",3,"T5","6424561f20f7049a5a59a06b"
"2023-03-29T15:16:04.792Z",2,"T1","642455ea20f7049a5a59a053"
"2023-03-29T15:16:22.120Z",4,"T8","6424563920f7049a5a59a071"
"2023-03-29T15:16:28.174Z",1,"T1","64245640f1ea98466bcab4ed"
"2023-03-29T15:16:28.251Z",4,"T8","642456382f63da2abdc4a0e7"
"2023-03-29T15:16:29.668Z",1,"T5","6424563d20f7049a5a59a073"
"2023-03-29T15:16:33.349Z",3,"T5","64245644f1ea98466bcab4ef"
"2023-03-29T15:16:36.425Z",1,"T1","642456402f63da2abdc4a0e9"
"2023-03-29T15:16:43.759Z",2,"T1","6424564e20f7049a5a59a07d"
"2023-03-29T15:16:44.742Z",2,"T1","64245654f1ea98466bcab4f8"
"2023-03-29T15:16:44.993Z",1,"T5","64245652f1ea98466bcab4f6"
"2023-03-29T15:16:48.942Z",2,"T10","6424564a20f7049a5a59a07a"
"2023-03-29T15:16:50.549Z",2,"T8","64245654f1ea98466bcab4fa"
"2023-03-29T15:16:52.913Z",1,"T1","6424565820f7049a5a59a07e"
"2023-03-29T15:17:00.766Z",3,"T10","6424565f20f7049a5a59a082"
"2023-03-29T15:17:11.346Z",1,"T8","6424566720f7049a5a59a087"
"2023-03-29T15:17:13.239Z",1,"T10","6424566a20f7049a5a59a088"
"2023-03-29T15:17:19.023Z",3,"T10","6424567420f7049a5a59a08c"
"2023-03-29T15:17:27.078Z",2,"T1","6424567620f7049a5a59a08d"
"2023-03-29T15:17:41.331Z",1,"T8","64245686f1ea98466bcab4fd"
"2023-03-29T15:17:43.338Z",2,"T5","6424568af1ea98466bcab4ff"
"2023-03-29T15:17:48.671Z",1,"T5","6424568ff1ea98466bcab501"
"2023-03-29T15:17:52.744Z",1,"T5","6424568ef1ea98466bcab500"
"2023-03-29T15:17:53.371Z",1,"T5","64245695f1ea98466bcab504"
"2023-03-29T15:17:56.894Z",2,"T8","64245698f1ea98466bcab507"
"2023-03-29T15:17:57.221Z",4,"T5","6424569020f7049a5a59a099"
"2023-03-29T15:18:01.891Z",2,"T10","642456a0f1ea98466bcab50c"
"2023-03-29T15:18:08.242Z",1,"T5","6424569bf1ea98466bcab508"
"2023-03-29T15:18:09.898Z",2,"T5","642456a2f1ea98466bcab50f"
"2023-03-29T15:18:10.133Z",4,"T10","642456a5f1ea98466bcab511"
"2023-03-29T15:18:12.497Z",2,"T10","642456a420f7049a5a59a0a1"
"2023-03-29T15:18:20.087Z",4,"T8","642456a3f1ea98466bcab510"
"2023-03-29T15:18:22.473Z",2,"T10","642456b320f7049a5a59a0a7"
"2023-03-29T15:18:27.880Z",2,"T10","642456b420f7049a5a59a0a9"
"2023-03-29T15:18:34.078Z",1,"T1","642456b710c199041f3e02b9"
"2023-03-29T15:18:34.338Z",1,"T1","642456bb10c199041f3e02ba"
"2023-03-29T15:18:37.994Z",2,"T5","642456bef1ea98466bcab514"
"2023-03-29T15:18:47.741Z",1,"T1","642456cc20f7049a5a59a0b0"
"2023-03-29T15:18:57.466Z",3,"T8","642456af10c199041f3e02b6"
"2023-03-29T15:18:59.855Z",3,"T10","642456c2f1ea98466bcab515"
"2023-03-29T15:19:07.404Z",5,"T8","642456d720f7049a5a59a0b4"
"2023-03-29T15:19:13.033Z",2,"T8","642456e7f1ea98466bcab526"
"2023-03-29T15:19:18.154Z",1,"T1","642456ebf1ea98466bcab528"
"2023-03-29T15:19:22.602Z",1,"T8","642456e2f1ea98466bcab523"
"2023-03-29T15:19:22.731Z",1,"T5","642456e7f1ea98466bcab527"
"2023-03-29T15:19:30.373Z",4,"T10","642456c820f7049a5a59a0ae"
"2023-03-29T15:19:33.100Z",3,"T5","6424564c2f63da2abdc4a0eb"
"2023-03-29T15:19:34.616Z",1,"T1","642456fc20f7049a5a59a0bf"
"2023-03-29T15:19:37.266Z",2,"T1","642456fcf1ea98466bcab530"
"2023-03-29T15:19:37.314Z",1,"T5","642456dbf1ea98466bcab520"
"2023-03-29T15:19:38.236Z",1,"T1","642456fcf1ea98466bcab531"
"2023-03-29T15:19:48.464Z",2,"T1","6424570710c199041f3e02be"
"2023-03-29T15:19:50.904Z",2,"T10","6424570910c199041f3e02c0"
"2023-03-29T15:19:54.257Z",1,"T1","6424570d10c199041f3e02c1"
"2023-03-29T15:19:59.179Z",3,"T5","6424571910c199041f3e02c5"
"2023-03-29T15:19:59.531Z",1,"T1","642457092f63da2abdc4a0f0"
"2023-03-29T15:20:01.452Z",5,"T1","6424570710c199041f3e02bd"
"2023-03-29T15:20:03.096Z",1,"T5","6424571bf1ea98466bcab53e"
"2023-03-29T15:20:06.085Z",1,"T1","6424571cf1ea98466bcab540"
"2023-03-29T15:20:08.909Z",1,"T5","64245720f1ea98466bcab545"
"2023-03-29T15:20:08.964Z",2,"T5","6424571210c199041f3e02c2"
"2023-03-29T15:20:12.889Z",1,"T8","642457232f63da2abdc4a0f3"
"2023-03-29T15:20:15.186Z",1,"T8","64245715f1ea98466bcab53c"
"2023-03-29T15:20:16.088Z",1,"T10","642457262f63da2abdc4a0f4"
"2023-03-29T15:20:16.791Z",1,"T1","64245721f1ea98466bcab547"
"2023-03-29T15:20:18.098Z",1,"T1","64245720f1ea98466bcab546"
"2023-03-29T15:20:19.255Z",4,"T8","6424572cf1ea98466bcab549"
"2023-03-29T15:20:20.524Z",2,"T5","642457282f63da2abdc4a0f5"
"2023-03-29T15:20:23.219Z",1,"T1","6424572e2f63da2abdc4a0f8"
"2023-03-29T15:20:24.853Z",3,"T1","6424572cf1ea98466bcab54a"
"2023-03-29T15:20:27.556Z",1,"T5","6424573410c199041f3e02d7"
"2023-03-29T15:20:27.625Z",2,"T8","6424571cf1ea98466bcab541"
"2023-03-29T15:20:30.217Z",3,"T5","6424572d2f63da2abdc4a0f7"
"2023-03-29T15:20:34.351Z",1,"T5","6424573220f7049a5a59a0c3"
"2023-03-29T15:20:34.821Z",1,"T10","6424573510c199041f3e02d8"
"2023-03-29T15:20:37.372Z",1,"T5","6424572f2f63da2abdc4a0f9"
"2023-03-29T15:20:37.690Z",4,"T8","6424573a10c199041f3e02db"
"2023-03-29T15:20:40.175Z",1,"T8","6424571df1ea98466bcab542"
"2023-03-29T15:20:45.679Z",3,"T8","6424574310c199041f3e02e1"
"2023-03-29T15:20:46.463Z",1,"T1","6424573f20f7049a5a59a0c7"
"2023-03-29T15:20:46.540Z",1,"T1","6424573d10c199041f3e02de"
"2023-03-29T15:20:46.823Z",2,"T10","6424573a10c199041f3e02dc"
"2023-03-29T15:20:49.161Z",2,"T1","6424574020f7049a5a59a0c8"
"2023-03-29T15:20:51.782Z",1,"T5","6424574710c199041f3e02e5"
"2023-03-29T15:20:59.048Z",2,"T5","6424574e10c199041f3e02ec"
"2023-03-29T15:21:01.362Z",4,"T8","64245752f1ea98466bcab54f"
"2023-03-29T15:21:01.739Z",2,"T5","642457562f63da2abdc4a101"
"2023-03-29T15:21:04.508Z",3,"T8","6424574c10c199041f3e02eb"
"2023-03-29T15:21:05.076Z",1,"T5","6424574c10c199041f3e02ea"
"2023-03-29T15:21:22.734Z",1,"T1","642457572f63da2abdc4a102"
"2023-03-29T15:21:23.562Z",1,"T10","6424575d2f63da2abdc4a105"
"2023-03-29T15:21:23.580Z",1,"T10","642457652f63da2abdc4a10a"
"2023-03-29T15:21:27.096Z",1,"T5","6424576710c199041f3e02f7"
"2023-03-29T15:21:29.107Z",1,"T1","6424576f20f7049a5a59a0d2"
"2023-03-29T15:21:32.864Z",1,"T8","642457742f63da2abdc4a10f"
"2023-03-29T15:21:35.381Z",3,"T8","6424577520f7049a5a59a0d6"
"2023-03-29T15:21:36.037Z",1,"T5","642457632f63da2abdc4a109"
"2023-03-29T15:21:37.005Z",4,"T8","64245751f1ea98466bcab54d"
"2023-03-29T15:21:37.190Z",1,"T1","6424577620f7049a5a59a0d7"
"2023-03-29T15:21:40.624Z",2,"T10","642457732f63da2abdc4a10e"
"2023-03-29T15:21:49.022Z",1,"T5","642457862f63da2abdc4a11b"
"2023-03-29T15:21:52.488Z",2,"T1","6424578a2f63da2abdc4a11f"
"2023-03-29T15:21:53.491Z",2,"T10","642457862f63da2abdc4a11a"
"2023-03-29T15:21:55.857Z",2,"T10","6424578510c199041f3e0309"
"2023-03-29T15:21:58.739Z",1,"T1","6424578b10c199041f3e030d"
"2023-03-29T15:22:01.078Z",1,"T10","642457912f63da2abdc4a123"
"2023-03-29T15:22:01.385Z",4,"T8","642457802f63da2abdc4a117"
"2023-03-29T15:22:03.140Z",1,"T5","6424578e2f63da2abdc4a121"
"2023-03-29T15:22:03.346Z",4,"T8","6424579210c199041f3e0311"
"2023-03-29T15:22:03.750Z",1,"T8","64245792f1ea98466bcab558"
"2023-03-29T15:22:06.847Z",4,"T8","64245794f1ea98466bcab55b"
"2023-03-29T15:22:06.963Z",1,"T10","642457982f63da2abdc4a128"
"2023-03-29T15:22:09.989Z",1,"T5","6424577f2f63da2abdc4a115"
"2023-03-29T15:22:14.127Z",1,"T1","6424579af1ea98466bcab562"
"2023-03-29T15:22:16.749Z",4,"T8","64245792f1ea98466bcab559"
"2023-03-29T15:22:20.415Z",1,"T8","6424578910c199041f3e030b"
"2023-03-29T15:22:21.407Z",2,"T10","6424579b2f63da2abdc4a12a"
"2023-03-29T15:22:28.271Z",1,"T10","642457a0f1ea98466bcab569"
"2023-03-29T15:22:32.883Z",4,"T5","642457ae2f63da2abdc4a13a"
"2023-03-29T15:22:34.036Z",1,"T10","642457a92f63da2abdc4a136"
"2023-03-29T15:22:38.518Z",1,"T1","642457b62f63da2abdc4a13f"
"2023-03-29T15:22:41.446Z",3,"T10","642457b3f1ea98466bcab571"
"2023-03-29T15:22:43.857Z",3,"T1","64245782f1ea98466bcab555"
"2023-03-29T15:22:51.270Z",2,"T8","642457c2f1ea98466bcab579"
"2023-03-29T15:22:55.406Z",4,"T8","642457bcf1ea98466bcab574"
"2023-03-29T15:23:08.200Z",1,"T5","642457d0f1ea98466bcab584"
"2023-03-29T15:23:14.892Z",2,"T1","642457bdf1ea98466bcab575"
"2023-03-29T15:23:20.459Z",1,"T8","642457dbf1ea98466bcab58a"
"2023-03-29T15:23:22.496Z",1,"T1","642457e2f1ea98466bcab590"
"2023-03-29T15:23:24.433Z",4,"T8","642457d5f1ea98466bcab588"
"2023-03-29T15:23:29.170Z",1,"T1","642457ddf1ea98466bcab58d"
"2023-03-29T15:23:31.225Z",2,"T8","642457bef1ea98466bcab578"
"2023-03-29T15:23:35.953Z",1,"T1","642457ed2f63da2abdc4a156"
"2023-03-29T15:23:35.997Z",1,"T5","642457ea2f63da2abdc4a155"
"2023-03-29T15:23:40.905Z",1,"T8","642457ef2f63da2abdc4a157"
"2023-03-29T15:23:56.543Z",2,"T10","642457fff1ea98466bcab596"
"2023-03-29T15:23:58.032Z",2,"T1","6424577020f7049a5a59a0d3"
"2023-03-29T15:24:02.674Z",4,"T8","642458082f63da2abdc4a15e"
"2023-03-29T15:24:06.823Z",2,"T10","642457f820f7049a5a59a0e4"
"2023-03-29T15:24:08.145Z",1,"T10","6424580b2f63da2abdc4a15f"
"2023-03-29T15:24:08.655Z",4,"T1","642458052f63da2abdc4a15d"
"2023-03-29T15:24:10.112Z",2,"T8","64245811f1ea98466bcab59b"
"2023-03-29T15:24:10.257Z",1,"T5","64245803f1ea98466bcab598"
"2023-03-29T15:24:11.484Z",1,"T8","64245802f1ea98466bcab597"
"2023-03-29T15:24:11.955Z",1,"T8","642457fa20f7049a5a59a0e5"
"2023-03-29T15:24:13.639Z",1,"T1","6424580ff1ea98466bcab599"
"2023-03-29T15:24:16.352Z",2,"T5","642457fb20f7049a5a59a0e6"
"2023-03-29T15:24:16.532Z",1,"T10","6424580d20f7049a5a59a0e9"
"2023-03-29T15:24:17.473Z",3,"T5","6424581810c199041f3e0318"
"2023-03-29T15:24:23.038Z",2,"T1","64245818f1ea98466bcab59c"
"2023-03-29T15:24:27.290Z",1,"T1","6424582010c199041f3e031e"
"2023-03-29T15:24:32.514Z",1,"T1","64245823f1ea98466bcab5a2"
"2023-03-29T15:24:35.104Z",1,"T1","6424581bf1ea98466bcab59e"
"2023-03-29T15:24:39.133Z",4,"T8","6424582b2f63da2abdc4a169"
"2023-03-29T15:24:39.257Z",1,"T5","6424582310c199041f3e0320"
"2023-03-29T15:24:41.592Z",1,"T1","6424582b28c4d08a819e1899"
"2023-03-29T15:24:41.716Z",1,"T1","6424582bf1ea98466bcab5a6"
"2023-03-29T15:24:43.114Z",4,"T1","642458302f63da2abdc4a16c"
"2023-03-29T15:24:46.527Z",4,"T8","64245831f1ea98466bcab5ad"
"2023-03-29T15:24:47.694Z",1,"T8","6424583128c4d08a819e189a"
"2023-03-29T15:24:50.744Z",1,"T8","6424581c10c199041f3e031d"
"2023-03-29T15:24:55.019Z",1,"T8","64245837f1ea98466bcab5ae"
"2023-03-29T15:24:57.733Z",2,"T8","6424583f28c4d08a819e18a1"
"2023-03-29T15:24:59.984Z",2,"T8","6424584020f7049a5a59a0f7"
"2023-03-29T15:25:03.164Z",3,"T8","642458312f63da2abdc4a16d"
"2023-03-29T15:25:08.073Z",1,"T5","6424584920f7049a5a59a0fa"
"2023-03-29T15:25:10.397Z",1,"T1","6424584528c4d08a819e18a4"
"2023-03-29T15:25:14.529Z",1,"T1","6424585120f7049a5a59a0fc"
"2023-03-29T15:25:15.447Z",1,"T1","6424585028c4d08a819e18aa"
"2023-03-29T15:25:16.534Z",1,"T5","6424584ef1ea98466bcab5b4"
"2023-03-29T15:25:19.886Z",2,"T10","6424585228c4d08a819e18ad"
"2023-03-29T15:25:21.808Z",1,"T8","64245857f1ea98466bcab5ba"
"2023-03-29T15:25:22.844Z",1,"T5","6424585128c4d08a819e18ac"
"2023-03-29T15:25:24.370Z",1,"T5","6424585c28c4d08a819e18b0"
"2023-03-29T15:25:27.179Z",2,"T8","6424585bf1ea98466bcab5bc"
"2023-03-29T15:25:28.725Z",1,"T1","6424584ef1ea98466bcab5b3"
"2023-03-29T15:25:29.806Z",1,"T5","6424585420f7049a5a59a0fd"
"2023-03-29T15:25:30.746Z",1,"T1","6424585c20f7049a5a59a103"
"2023-03-29T15:25:31.175Z",1,"T10","642458642f63da2abdc4a177"
"2023-03-29T15:25:32.325Z",1,"T1","642458602f63da2abdc4a172"
"2023-03-29T15:25:35.632Z",1,"T5","6424585c2f63da2abdc4a170"
"2023-03-29T15:25:36.938Z",1,"T5","642458632f63da2abdc4a176"
"2023-03-29T15:25:37.590Z",1,"T5","64245866f1ea98466bcab5c0"
"2023-03-29T15:25:41.332Z",2,"T10","6424585c20f7049a5a59a102"
"2023-03-29T15:25:41.477Z",1,"T10","642458622f63da2abdc4a174"
"2023-03-29T15:25:43.764Z",1,"T8","6424586f2f63da2abdc4a17b"
"2023-03-29T15:25:44.417Z",1,"T1","6424586f28c4d08a819e18bb"
"2023-03-29T15:25:47.436Z",4,"T8","642458722f63da2abdc4a17d"
"2023-03-29T15:25:48.501Z",1,"T1","642458712f63da2abdc4a17c"
"2023-03-29T15:25:49.032Z",1,"T1","64245873f1ea98466bcab5c2"
"2023-03-29T15:25:49.809Z",1,"T1","6424586f20f7049a5a59a106"
"2023-03-29T15:25:51.966Z",2,"T5","64245873f1ea98466bcab5c1"
"2023-03-29T15:25:53.620Z",1,"T10","642458745d47dbfaf1a71cd5"
"2023-03-29T15:25:57.933Z",1,"T8","6424587ff1ea98466bcab5c6"
"2023-03-29T15:26:00.070Z",2,"T1","6424587c28c4d08a819e18c4"
"2023-03-29T15:26:04.612Z",3,"T10","6424586720f7049a5a59a104"
"2023-03-29T15:26:04.750Z",1,"T5","642458742f63da2abdc4a17e"
"2023-03-29T15:26:04.776Z",1,"T1","6424587b5d47dbfaf1a71cdb"
"2023-03-29T15:26:05.599Z",1,"T1","6424587b28c4d08a819e18c3"
"2023-03-29T15:26:06.360Z",1,"T5","64245875f1ea98466bcab5c3"
"2023-03-29T15:26:10.366Z",3,"T10","642458842f63da2abdc4a183"
"2023-03-29T15:26:11.563Z",1,"T10","6424587f2f63da2abdc4a17f"
"2023-03-29T15:26:13.640Z",3,"T8","6424588c2f63da2abdc4a189"
"2023-03-29T15:26:19.007Z",3,"T5","6424588728c4d08a819e18c9"
"2023-03-29T15:26:19.796Z",1,"T5","642458892f63da2abdc4a186"
"2023-03-29T15:26:25.844Z",4,"T10","6424588d20f7049a5a59a108"
"2023-03-29T15:26:28.187Z",4,"T8","6424589420f7049a5a59a10e"
"2023-03-29T15:26:33.104Z",2,"T5","642458982f63da2abdc4a190"
"2023-03-29T15:26:35.575Z",3,"T5","642458a35d47dbfaf1a71ce5"
"2023-03-29T15:26:35.901Z",2,"T10","642458a020f7049a5a59a111"
"2023-03-29T15:26:38.726Z",1,"T8","6424589ef1ea98466bcab5d1"
"2023-03-29T15:26:41.171Z",2,"T8","642458a85d47dbfaf1a71ce7"
"2023-03-29T15:26:42.704Z",1,"T8","642458a55d47dbfaf1a71ce6"
"2023-03-29T15:26:44.017Z",1,"T8","642458842f63da2abdc4a184"
"2023-03-29T15:26:45.550Z",3,"T1","642458ad2f63da2abdc4a195"
"2023-03-29T15:26:48.172Z",1,"T10","642458ab5d47dbfaf1a71cea"
"2023-03-29T15:26:48.480Z",1,"T10","6424589a2f63da2abdc4a191"
"2023-03-29T15:26:53.167Z",1,"T5","642458ab5d47dbfaf1a71ce9"
"2023-03-29T15:26:56.014Z",1,"T1","642458b12f63da2abdc4a19a"
"2023-03-29T15:26:56.561Z",1,"T5","642458b5f1ea98466bcab5dc"
"2023-03-29T15:26:56.918Z",2,"T5","642458aaf1ea98466bcab5d3"
"2023-03-29T15:26:57.258Z",1,"T5","642458ae2f63da2abdc4a196"
"2023-03-29T15:27:01.538Z",4,"T8","642458bf20f7049a5a59a119"
"2023-03-29T15:27:05.341Z",2,"T8","642458bb2f63da2abdc4a19e"
"2023-03-29T15:27:05.459Z",3,"T1","642458b52f63da2abdc4a19b"
"2023-03-29T15:27:05.664Z",1,"T1","642458bbf1ea98466bcab5de"
"2023-03-29T15:27:06.714Z",2,"T8","642458b12f63da2abdc4a199"
"2023-03-29T15:27:07.088Z",1,"T10","642458c15d47dbfaf1a71cf4"
"2023-03-29T15:27:08.225Z",2,"T8","642458c120f7049a5a59a11d"
"2023-03-29T15:27:08.648Z",3,"T10","642458c420f7049a5a59a120"
"2023-03-29T15:27:12.177Z",3,"T1","642458c1f1ea98466bcab5e0"
"2023-03-29T15:27:16.713Z",2,"T5","642458bc2f63da2abdc4a19f"
"2023-03-29T15:27:17.949Z",2,"T10","642458c35d47dbfaf1a71cf6"
"2023-03-29T15:27:19.041Z",1,"T5","642458cd2f63da2abdc4a1a9"
"2023-03-29T15:27:20.748Z",1,"T1","642458cb28c4d08a819e18d0"
"2023-03-29T15:27:21.340Z",2,"T5","642458c320f7049a5a59a11f"
"2023-03-29T15:27:23.784Z",1,"T5","642458cd28c4d08a819e18d2"
"2023-03-29T15:27:25.113Z",1,"T10","642458d028c4d08a819e18d4"
"2023-03-29T15:27:25.329Z",1,"T5","642458c120f7049a5a59a11c"
"2023-03-29T15:27:29.964Z",2,"T5","642458cf28c4d08a819e18d3"
"2023-03-29T15:27:30.325Z",1,"T10","642458d028c4d08a819e18d5"
"2023-03-29T15:27:39.537Z",1,"T1","642458e228c4d08a819e18db"
"2023-03-29T15:27:40.509Z",4,"T10","642458d328c4d08a819e18d6"
"2023-03-29T15:27:41.510Z",1,"T5","642458de5d47dbfaf1a71d02"
"2023-03-29T15:27:42.237Z",2,"T8","642458d7f1ea98466bcab5e8"
"2023-03-29T15:27:42.769Z",4,"T10","642458de28c4d08a819e18d8"
"2023-03-29T15:27:44.425Z",5,"T8","642458e628c4d08a819e18de"
"2023-03-29T15:27:45.392Z",1,"T1","642458dcf1ea98466bcab5ec"
"2023-03-29T15:27:47.355Z",2,"T5","642458c620f7049a5a59a121"
"2023-03-29T15:27:49.139Z",2,"T10","642458e02f63da2abdc4a1ad"
"2023-03-29T15:27:49.331Z",1,"T1","642458e32f63da2abdc4a1af"
"2023-03-29T15:27:49.951Z",1,"T1","6424587f5d47dbfaf1a71cdf"
"2023-03-29T15:27:50.282Z",1,"T5","642458e828c4d08a819e18df"
"2023-03-29T15:27:51.817Z",1,"T5","642458ea28c4d08a819e18e0"
"2023-03-29T15:27:55.167Z",3,"T8","642458d55d47dbfaf1a71cfd"
"2023-03-29T15:27:58.058Z",4,"T8","642458cb20f7049a5a59a124"
"2023-03-29T15:28:00.801Z",1,"T10","642458ecf1ea98466bcab5f8"
"2023-03-29T15:28:07.520Z",4,"T5","642458fd2f63da2abdc4a1b9"
"2023-03-29T15:28:08.403Z",4,"T10","642458f92f63da2abdc4a1b6"
"2023-03-29T15:28:09.624Z",1,"T5","642458fb28c4d08a819e18ec"
"2023-03-29T15:28:12.522Z",1,"T1","642458fb2f63da2abdc4a1b8"
"2023-03-29T15:28:13.798Z",5,"T8","642458f328c4d08a819e18e5"
"2023-03-29T15:28:19.878Z",1,"T1","642459015d47dbfaf1a71d11"
"2023-03-29T15:28:21.588Z",2,"T8","642459055d47dbfaf1a71d14"
"2023-03-29T15:28:26.493Z",1,"T5","6424590d28c4d08a819e18f3"
"2023-03-29T15:28:26.663Z",1,"T1","6424590d5d47dbfaf1a71d1d"
"2023-03-29T15:28:27.144Z",4,"T10","6424590c28c4d08a819e18f1"
"2023-03-29T15:28:30.482Z",4,"T10","642459005d47dbfaf1a71d0f"
"2023-03-29T15:28:32.950Z",2,"T1","642459182f63da2abdc4a1c0"
"2023-03-29T15:28:34.013Z",2,"T5","6424591320f7049a5a59a128"
"2023-03-29T15:28:34.114Z",1,"T8","6424590a5d47dbfaf1a71d1a"
"2023-03-29T15:28:35.192Z",1,"T1","642459182f63da2abdc4a1c1"
"2023-03-29T15:28:35.653Z",2,"T10","6424591520f7049a5a59a129"
"2023-03-29T15:28:37.724Z",1,"T8","642459185d47dbfaf1a71d22"
"2023-03-29T15:28:39.199Z",1,"T1","6424591f20f7049a5a59a12d"
"2023-03-29T15:28:39.445Z",2,"T10","6424591c5d47dbfaf1a71d26"
"2023-03-29T15:28:43.614Z",3,"T5","6424591e20f7049a5a59a12c"
"2023-03-29T15:28:47.091Z",1,"T10","6424591ef1ea98466bcab601"
"2023-03-29T15:28:48.955Z",1,"T5","642459265d47dbfaf1a71d30"
"2023-03-29T15:28:50.199Z",1,"T1","64245928d1669f500a2dace9"
"2023-03-29T15:28:50.978Z",3,"T1","642459285d47dbfaf1a71d32"
"2023-03-29T15:28:52.210Z",4,"T10","64245929e39f7b05b626a360"
"2023-03-29T15:28:54.082Z",1,"T1","642459255d47dbfaf1a71d2e"
"2023-03-29T15:28:55.569Z",2,"T1","642459215d47dbfaf1a71d2a"
"2023-03-29T15:28:56.621Z",4,"T5","6424592c5d47dbfaf1a71d35"
"2023-03-29T15:28:57.940Z",2,"T5","6424592df1ea98466bcab60b"
"2023-03-29T15:28:58.437Z",2,"T10","6424592bd1669f500a2dacea"
"2023-03-29T15:28:59.714Z",4,"T10","6424592af1ea98466bcab609"
"2023-03-29T15:29:00.763Z",1,"T1","642459335d47dbfaf1a71d3b"
"2023-03-29T15:29:01.801Z",2,"T1","64245929f1ea98466bcab606"
"2023-03-29T15:29:01.905Z",1,"T8","64245933d1669f500a2dacef"
"2023-03-29T15:29:02.364Z",2,"T10","64245931f1ea98466bcab60e"
"2023-03-29T15:29:04.206Z",1,"T5","642459375d47dbfaf1a71d3d"
"2023-03-29T15:29:06.204Z",3,"T5","6424591e5d47dbfaf1a71d28"
"2023-03-29T15:29:06.689Z",1,"T1","64245932f1ea98466bcab60f"
"2023-03-29T15:29:07.433Z",1,"T8","64245935e39f7b05b626a363"
"2023-03-29T15:29:12.193Z",2,"T5","6424592c5d47dbfaf1a71d36"
"2023-03-29T15:29:13.261Z",4,"T5","64245934e39f7b05b626a362"
"2023-03-29T15:29:15.635Z",2,"T10","64245933f1ea98466bcab610"
"2023-03-29T15:29:16.901Z",1,"T1","64245941e39f7b05b626a36e"
"2023-03-29T15:29:17.084Z",3,"T8","6424592ae39f7b05b626a361"
"2023-03-29T15:29:18.738Z",5,"T5","6424592af1ea98466bcab608"
"2023-03-29T15:29:20.029Z",1,"T5","64245943d1669f500a2dacfd"
"2023-03-29T15:29:20.555Z",4,"T10","6424593cf1ea98466bcab615"
"2023-03-29T15:29:21.295Z",1,"T10","6424593ce39f7b05b626a369"
"2023-03-29T15:29:22.530Z",1,"T5","64245946f1ea98466bcab61c"
"2023-03-29T15:29:23.070Z",1,"T5","64245943e39f7b05b626a370"
"2023-03-29T15:29:23.745Z",1,"T5","64245947e39f7b05b626a371"
"2023-03-29T15:29:25.151Z",3,"T5","6424594c2f63da2abdc4a1cb"
"2023-03-29T15:29:28.538Z",3,"T10","64245947e39f7b05b626a372"
"2023-03-29T15:29:31.373Z",4,"T5","6424594ff1ea98466bcab621"
"2023-03-29T15:29:31.957Z",1,"T10","6424594f5d47dbfaf1a71d43"
"2023-03-29T15:29:32.869Z",1,"T8","64245954e39f7b05b626a375"
"2023-03-29T15:29:33.189Z",2,"T10","64245949d1669f500a2dacfe"
"2023-03-29T15:29:34.234Z",3,"T1","64245953f1ea98466bcab624"
"2023-03-29T15:29:34.352Z",2,"T5","642459495d47dbfaf1a71d3f"
"2023-03-29T15:29:34.979Z",1,"T1","6424594df1ea98466bcab620"
"2023-03-29T15:29:36.591Z",2,"T10","64245955f1ea98466bcab626"
"2023-03-29T15:29:39.342Z",1,"T10","64245952f1ea98466bcab622"
"2023-03-29T15:29:41.205Z",2,"T1","64245954f1ea98466bcab625"
"2023-03-29T15:29:42.299Z",1,"T1","6424595b5d47dbfaf1a71d49"
"2023-03-29T15:29:44.229Z",1,"T8","64245961f1ea98466bcab62e"
"2023-03-29T15:29:44.671Z",1,"T10","64245961e39f7b05b626a383"
"2023-03-29T15:29:50.811Z",1,"T5","64245962e39f7b05b626a384"
"2023-03-29T15:29:54.907Z",1,"T1","64245966e39f7b05b626a388"
"2023-03-29T15:29:56.456Z",2,"T10","64245966d1669f500a2dad0a"
"2023-03-29T15:29:57.016Z",1,"T10","6424596e20f7049a5a59a12e"
"2023-03-29T15:29:59.931Z",3,"T5","6424596e5d47dbfaf1a71d4a"
"2023-03-29T15:30:00.334Z",1,"T1","642459705d47dbfaf1a71d4e"
"2023-03-29T15:30:02.435Z",1,"T8","6424596bd1669f500a2dad0e"
"2023-03-29T15:30:04.283Z",4,"T10","6424596ed1669f500a2dad10"
"2023-03-29T15:30:05.303Z",1,"T5","64245967d1669f500a2dad0b"
"2023-03-29T15:30:05.394Z",1,"T1","642459732f63da2abdc4a1da"
"2023-03-29T15:30:06.577Z",1,"T10","6424596df1ea98466bcab634"
"2023-03-29T15:30:10.748Z",1,"T5","64245971e39f7b05b626a38b"
"2023-03-29T15:30:11.306Z",1,"T1","6424596e2f63da2abdc4a1d8"
"2023-03-29T15:30:13.736Z",3,"T8","642459772f63da2abdc4a1dd"
"2023-03-29T15:30:13.987Z",1,"T10","64245963d1669f500a2dad05"
"2023-03-29T15:30:17.894Z",1,"T1","642459775d47dbfaf1a71d53"
"2023-03-29T15:30:18.493Z",2,"T5","6424597d2f63da2abdc4a1e4"
"2023-03-29T15:30:21.950Z",2,"T8","6424597cf1ea98466bcab640"
"2023-03-29T15:30:22.603Z",2,"T1","64245972f1ea98466bcab637"
"2023-03-29T15:30:26.338Z",1,"T10","6424598620f7049a5a59a130"
"2023-03-29T15:30:26.952Z",2,"T10","6424597b2f63da2abdc4a1e1"
"2023-03-29T15:30:27.528Z",3,"T1","642459882f63da2abdc4a1ec"
"2023-03-29T15:30:29.884Z",2,"T1","6424598820f7049a5a59a132"
"2023-03-29T15:30:32.563Z",1,"T1","64245990e39f7b05b626a397"
"2023-03-29T15:30:33.361Z",4,"T5","642459902f63da2abdc4a1ef"
"2023-03-29T15:30:34.290Z",3,"T5","6424598ff1ea98466bcab64f"
"2023-03-29T15:30:34.360Z",1,"T10","6424598fe39f7b05b626a395"
"2023-03-29T15:30:38.347Z",1,"T8","64245991e39f7b05b626a398"
"2023-03-29T15:30:41.770Z",1,"T10","6424598fe39f7b05b626a396"
"2023-03-29T15:30:43.527Z",1,"T8","64245995e39f7b05b626a39d"
"2023-03-29T15:30:44.554Z",1,"T10","6424599b5d47dbfaf1a71d69"
"2023-03-29T15:30:51.316Z",1,"T5","6424599ad1669f500a2dad11"
"2023-03-29T15:30:51.664Z",1,"T8","642459a12f63da2abdc4a200"
"2023-03-29T15:30:54.280Z",2,"T1","642459a05d47dbfaf1a71d6c"
"2023-03-29T15:30:54.740Z",4,"T8","64245994e39f7b05b626a39c"
"2023-03-29T15:30:56.201Z",4,"T5","6424599cf1ea98466bcab653"
"2023-03-29T15:30:59.014Z",2,"T8","6424599ae39f7b05b626a39f"
"2023-03-29T15:30:59.464Z",1,"T1","642459aa2f63da2abdc4a20a"
"2023-03-29T15:31:02.257Z",2,"T5","642459aa5d47dbfaf1a71d76"
"2023-03-29T15:31:03.552Z",3,"T5","642459a75d47dbfaf1a71d74"
"2023-03-29T15:31:08.343Z",1,"T10","642459b4f1ea98466bcab65a"
"2023-03-29T15:31:09.552Z",2,"T8","642459a82f63da2abdc4a208"
"2023-03-29T15:31:10.519Z",2,"T5","642459b1d1669f500a2dad15"
"2023-03-29T15:31:10.595Z",1,"T1","64245991e39f7b05b626a399"
"2023-03-29T15:31:11.275Z",4,"T5","642459b65d47dbfaf1a71d7b"
"2023-03-29T15:31:11.296Z",3,"T5","642459aaf1ea98466bcab656"
"2023-03-29T15:31:11.340Z",3,"T8","642459b5d1669f500a2dad18"
"2023-03-29T15:31:12.084Z",3,"T1","642459b85d47dbfaf1a71d7d"
"2023-03-29T15:31:12.519Z",1,"T1","642459aed1669f500a2dad13"
"2023-03-29T15:31:14.154Z",3,"T8","642459b12f63da2abdc4a211"
"2023-03-29T15:31:14.551Z",2,"T1","642459a72f63da2abdc4a207"
"2023-03-29T15:31:14.576Z",1,"T10","642459b6e39f7b05b626a3a1"
"2023-03-29T15:31:14.965Z",1,"T1","642459bd5d47dbfaf1a71d81"
"2023-03-29T15:31:18.617Z",1,"T5","642459b95d47dbfaf1a71d7e"
"2023-03-29T15:31:20.062Z",2,"T10","642459b2f1ea98466bcab657"
"2023-03-29T15:31:23.510Z",1,"T1","642459bce39f7b05b626a3a3"
"2023-03-29T15:31:23.617Z",4,"T10","642459bf2f63da2abdc4a215"
"2023-03-29T15:31:24.935Z",1,"T1","642459c75d47dbfaf1a71d89"
"2023-03-29T15:31:25.932Z",2,"T5","642459c15d47dbfaf1a71d85"
"2023-03-29T15:31:26.626Z",2,"T8","642459c0e39f7b05b626a3a6"
"2023-03-29T15:31:26.812Z",3,"T1","642459c45d47dbfaf1a71d88"
"2023-03-29T15:31:28.870Z",4,"T8","6424599cf1ea98466bcab652"
"2023-03-29T15:31:29.153Z",1,"T8","642459bdd1669f500a2dad1e"
"2023-03-29T15:31:29.718Z",1,"T1","642459bc5d47dbfaf1a71d80"
"2023-03-29T15:31:30.289Z",3,"T10","642459c8f1ea98466bcab663"
"2023-03-29T15:31:30.901Z",3,"T8","642459bed1669f500a2dad20"
"2023-03-29T15:31:32.156Z",1,"T1","642459c920f7049a5a59a13c"
"2023-03-29T15:31:34.257Z",1,"T10","642459b42f63da2abdc4a213"
"2023-03-29T15:31:34.881Z",2,"T10","642459cbe39f7b05b626a3a8"
"2023-03-29T15:31:37.606Z",1,"T5","642459caf1ea98466bcab665"
"2023-03-29T15:31:41.524Z",1,"T5","642459d2d1669f500a2dad2a"
"2023-03-29T15:31:43.901Z",1,"T8","642459d62f63da2abdc4a216"
"2023-03-29T15:31:44.121Z",3,"T10","642459d6f1ea98466bcab66b"
"2023-03-29T15:31:44.786Z",2,"T5","642459be5d47dbfaf1a71d82"
"2023-03-29T15:31:45.145Z",3,"T10","642459c720f7049a5a59a13a"
"2023-03-29T15:31:47.310Z",2,"T10","642459d2d1669f500a2dad29"
"2023-03-29T15:31:50.411Z",4,"T8","642459d0f1ea98466bcab668"
"2023-03-29T15:31:51.310Z",1,"T5","642459e0f1ea98466bcab672"
"2023-03-29T15:31:52.692Z",3,"T10","642459e2f1ea98466bcab673"
"2023-03-29T15:31:54.217Z",1,"T10","642459d420f7049a5a59a13f"
"2023-03-29T15:31:56.188Z",2,"T8","642459daf1ea98466bcab66e"
"2023-03-29T15:31:56.851Z",1,"T8","642459d8e39f7b05b626a3b1"
"2023-03-29T15:31:57.129Z",4,"T8","6424598ee39f7b05b626a394"
"2023-03-29T15:31:58.057Z",3,"T5","642459d9f1ea98466bcab66d"
"2023-03-29T15:31:59.323Z",1,"T10","642459e2e39f7b05b626a3b7"
"2023-03-29T15:32:00.410Z",1,"T1","642459e5e39f7b05b626a3ba"
"2023-03-29T15:32:03.527Z",3,"T5","642459ddf1ea98466bcab66f"
"2023-03-29T15:32:04.122Z",4,"T8","642459e6e39f7b05b626a3bc"
"2023-03-29T15:32:06.192Z",4,"T5","642459e92f63da2abdc4a21e"
"2023-03-29T15:32:06.464Z",1,"T1","642459e9e39f7b05b626a3bf"
"2023-03-29T15:32:06.481Z",3,"T8","642459c0e39f7b05b626a3a7"
"2023-03-29T15:32:06.554Z",4,"T5","642459ea28c4d08a819e18f9"
"2023-03-29T15:32:08.546Z",1,"T5","642459ead1669f500a2dad2c"
"2023-03-29T15:32:11.535Z",1,"T8","642459f228c4d08a819e18fe"
"2023-03-29T15:32:13.851Z",4,"T8","642459def1ea98466bcab670"
"2023-03-29T15:32:14.091Z",2,"T5","642459ee28c4d08a819e18fc"
"2023-03-29T15:32:18.285Z",4,"T10","642459cee39f7b05b626a3ab"
"2023-03-29T15:32:18.995Z",4,"T8","642459f55d47dbfaf1a71da1"
"2023-03-29T15:32:19.240Z",3,"T10","642459f05d47dbfaf1a71d9b"
"2023-03-29T15:32:19.629Z",4,"T1","642459f428c4d08a819e1901"
"2023-03-29T15:32:21.206Z",1,"T1","642459ee5d47dbfaf1a71d98"
"2023-03-29T15:32:22.768Z",1,"T10","642459f828c4d08a819e1903"
"2023-03-29T15:32:25.076Z",1,"T5","642459fc20f7049a5a59a14a"
"2023-03-29T15:32:25.113Z",1,"T10","642459f6d1669f500a2dad2d"
"2023-03-29T15:32:25.952Z",1,"T8","642459fdd1669f500a2dad2f"
"2023-03-29T15:32:31.591Z",2,"T5","64245a005d47dbfaf1a71da6"
"2023-03-29T15:32:32.340Z",1,"T5","642459fd5d47dbfaf1a71da5"
"2023-03-29T15:32:33.029Z",1,"T10","64245a00e39f7b05b626a3cb"
"2023-03-29T15:32:33.595Z",1,"T10","64245a0ad1669f500a2dad37"
"2023-03-29T15:32:33.954Z",4,"T8","64245a03d1669f500a2dad34"
"2023-03-29T15:32:34.769Z",1,"T5","64245a0828c4d08a819e190a"
"2023-03-29T15:32:40.974Z",1,"T1","64245a03e39f7b05b626a3ce"
"2023-03-29T15:32:41.242Z",4,"T8","64245a0b5d47dbfaf1a71dad"
"2023-03-29T15:32:41.504Z",1,"T5","642459fb28c4d08a819e1906"
"2023-03-29T15:32:42.197Z",2,"T10","64245a13d1669f500a2dad3d"
"2023-03-29T15:32:42.943Z",1,"T8","64245a035d47dbfaf1a71da9"
"2023-03-29T15:32:43.252Z",1,"T10","64245a135d47dbfaf1a71db4"
"2023-03-29T15:32:46.279Z",1,"T5","642459f9e39f7b05b626a3c7"
"2023-03-29T15:32:46.523Z",3,"T1","64245a0a5d47dbfaf1a71dab"
"2023-03-29T15:32:46.682Z",1,"T1","64245a17d1669f500a2dad40"
"2023-03-29T15:32:51.697Z",3,"T10","64245a0e5d47dbfaf1a71db1"
"2023-03-29T15:32:52.338Z",1,"T1","64245a1b28c4d08a819e1919"
"2023-03-29T15:32:52.572Z",2,"T1","64245a1b20f7049a5a59a15a"
"2023-03-29T15:32:55.368Z",2,"T10","64245a1e28c4d08a819e191b"
"2023-03-29T15:32:59.246Z",1,"T1","64245a22e39f7b05b626a3dc"
"2023-03-29T15:33:02.956Z",1,"T1","64245a245d47dbfaf1a71dba"
"2023-03-29T15:33:02.832Z",3,"T10","64245a23e39f7b05b626a3dd"
"2023-03-29T15:33:03.619Z",2,"T5","64245a1a28c4d08a819e1917"
"2023-03-29T15:33:05.761Z",1,"T5","64245a0fd1669f500a2dad38"
"2023-03-29T15:33:06.626Z",1,"T1","64245a2ad1669f500a2dad51"
"2023-03-29T15:33:10.073Z",3,"T10","64245a10d1669f500a2dad39"
"2023-03-29T15:33:11.041Z",1,"T1","64245a2ed1669f500a2dad56"
"2023-03-29T15:33:13.354Z",2,"T1","64245a2f28c4d08a819e191c"
"2023-03-29T15:33:13.525Z",1,"T5","64245a1e20f7049a5a59a15c"
"2023-03-29T15:33:14.836Z",4,"T8","64245a30e39f7b05b626a3e2"
"2023-03-29T15:33:16.189Z",4,"T5","64245a2fe39f7b05b626a3e0"
"2023-03-29T15:33:18.843Z",4,"T8","64245a285d47dbfaf1a71dbc"
"2023-03-29T15:33:20.312Z",1,"T5","64245a34e39f7b05b626a3e5"
"2023-03-29T15:33:22.440Z",1,"T5","64245a2dd1669f500a2dad54"
"2023-03-29T15:33:23.180Z",1,"T8","64245a26d1669f500a2dad4d"
"2023-03-29T15:33:25.629Z",1,"T1","64245a3fd1669f500a2dad67"
"2023-03-29T15:33:27.563Z",4,"T8","64245a39d1669f500a2dad60"
"2023-03-29T15:33:28.287Z",1,"T8","64245a3ce39f7b05b626a3e9"
"2023-03-29T15:33:28.458Z",1,"T8","64245a3528c4d08a819e191d"
"2023-03-29T15:33:30.774Z",1,"T8","64245a33d1669f500a2dad5c"
"2023-03-29T15:33:34.506Z",3,"T1","64245a485d47dbfaf1a71dcc"
"2023-03-29T15:33:35.124Z",1,"T5","64245a3b20f7049a5a59a162"
"2023-03-29T15:33:35.628Z",1,"T1","64245a3fd1669f500a2dad66"
"2023-03-29T15:33:36.516Z",2,"T10","64245a3ad1669f500a2dad62"
"2023-03-29T15:33:37.187Z",1,"T10","64245a4020f7049a5a59a168"
"2023-03-29T15:33:38.093Z",2,"T8","64245a45d1669f500a2dad6b"
"2023-03-29T15:33:40.180Z",1,"T8","64245a495d47dbfaf1a71dcd"
"2023-03-29T15:33:42.065Z",4,"T10","64245a3d5d47dbfaf1a71dc5"
"2023-03-29T15:33:44.363Z",2,"T1","64245a4c5d47dbfaf1a71dcf"
"2023-03-29T15:33:46.604Z",2,"T10","64245a4f28c4d08a819e1924"
"2023-03-29T15:33:50.778Z",1,"T5","64245a4d5d47dbfaf1a71dd1"
"2023-03-29T15:33:53.513Z",1,"T5","64245a5428c4d08a819e1925"
"2023-03-29T15:33:53.688Z",1,"T1","64245a5ad1669f500a2dad76"
"2023-03-29T15:33:54.713Z",2,"T8","64245a5320f7049a5a59a16d"
"2023-03-29T15:33:57.219Z",1,"T8","64245a4ad1669f500a2dad70"
"2023-03-29T15:33:57.602Z",1,"T5","64245a5528c4d08a819e1926"
"2023-03-29T15:33:58.653Z",2,"T5","64245a43e39f7b05b626a3ee"
"2023-03-29T15:34:00.448Z",2,"T10","64245a5820f7049a5a59a170"
"2023-03-29T15:34:00.450Z",1,"T5","64245a4ee39f7b05b626a3f3"
"2023-03-29T15:34:04.348Z",1,"T5","64245a6328c4d08a819e1932"
"2023-03-29T15:34:04.851Z",4,"T5","64245a62e39f7b05b626a3fb"
"2023-03-29T15:34:05.785Z",2,"T1","64245a5d28c4d08a819e192f"
"2023-03-29T15:34:07.438Z",3,"T10","64245a6228c4d08a819e1931"
"2023-03-29T15:34:08.550Z",2,"T8","64245a58d1669f500a2dad73"
"2023-03-29T15:34:08.587Z",2,"T1","64245a5f20f7049a5a59a172"
"2023-03-29T15:34:09.104Z",1,"T1","64245a6b20f7049a5a59a17e"
"2023-03-29T15:34:09.983Z",1,"T8","64245a695d47dbfaf1a71dda"
"2023-03-29T15:34:10.859Z",1,"T5","64245a5c28c4d08a819e192e"
"2023-03-29T15:34:13.231Z",2,"T10","64245a66e39f7b05b626a3ff"
"2023-03-29T15:34:13.380Z",1,"T1","64245a67e39f7b05b626a402"
"2023-03-29T15:34:13.740Z",1,"T10","64245a64d1669f500a2dad7e"
"2023-03-29T15:34:14.518Z",2,"T10","64245a6b20f7049a5a59a17d"
"2023-03-29T15:34:15.071Z",4,"T8","64245a6a28c4d08a819e1934"
"2023-03-29T15:34:16.431Z",1,"T5","64245a6d5d47dbfaf1a71ddd"
"2023-03-29T15:34:19.670Z",1,"T5","64245a6ed1669f500a2dad81"
"2023-03-29T15:34:19.850Z",1,"T10","64245a6720f7049a5a59a178"
"2023-03-29T15:34:20.420Z",1,"T5","64245a6f28c4d08a819e1937"
"2023-03-29T15:34:20.762Z",3,"T8","64245a6fd1669f500a2dad82"
"2023-03-29T15:34:22.070Z",1,"T1","64245a70e39f7b05b626a404"
"2023-03-29T15:34:22.220Z",1,"T1","64245a75e39f7b05b626a408"
"2023-03-29T15:34:23.464Z",2,"T5","64245a78f1ea98466bcab67b"
"2023-03-29T15:34:25.668Z",1,"T1","64245a75e39f7b05b626a407"
"2023-03-29T15:34:30.629Z",1,"T1","64245a79f1ea98466bcab67c"
"2023-03-29T15:34:31.083Z",1,"T8","64245a74d1669f500a2dad85"
"2023-03-29T15:34:31.681Z",1,"T5","64245a74f1ea98466bcab677"
"2023-03-29T15:34:33.275Z",3,"T8","64245a7220f7049a5a59a184"
"2023-03-29T15:34:35.819Z",1,"T5","64245a82e39f7b05b626a410"
"2023-03-29T15:34:36.167Z",1,"T8","64245a7e2f63da2abdc4a221"
"2023-03-29T15:34:36.379Z",1,"T8","64245a842f63da2abdc4a223"
"2023-03-29T15:34:38.096Z",1,"T8","64245a7c20f7049a5a59a185"
"2023-03-29T15:34:40.099Z",4,"T5","64245a865d47dbfaf1a71dea"
"2023-03-29T15:34:42.449Z",2,"T1","64245a832f63da2abdc4a222"
"2023-03-29T15:34:43.515Z",1,"T10","64245a835d47dbfaf1a71de6"
"2023-03-29T15:34:45.899Z",1,"T5","64245a8120f7049a5a59a189"
"2023-03-29T15:34:48.154Z",2,"T10","64245a922f63da2abdc4a22c"
"2023-03-29T15:34:48.409Z",2,"T5","64245a872f63da2abdc4a225"
"2023-03-29T15:34:51.894Z",4,"T5","64245a8720f7049a5a59a18c"
"2023-03-29T15:34:54.223Z",1,"T5","64245a8ee39f7b05b626a415"
"2023-03-29T15:34:54.478Z",1,"T1","64245a9020f7049a5a59a192"
"2023-03-29T15:34:54.882Z",1,"T10","64245a7ce39f7b05b626a40d"
"2023-03-29T15:34:56.008Z",4,"T10","64245a9120f7049a5a59a193"
"2023-03-29T15:34:56.901Z",4,"T8","64245a93f1ea98466bcab681"
"2023-03-29T15:35:00.638Z",1,"T1","64245a98f1ea98466bcab684"
"2023-03-29T15:35:01.099Z",1,"T8","64245a9a2f63da2abdc4a231"
"2023-03-29T15:35:02.661Z",3,"T5","64245a91e39f7b05b626a416"
"2023-03-29T15:35:05.052Z",3,"T8","64245a942f63da2abdc4a22e"
"2023-03-29T15:35:05.985Z",1,"T5","64245a9c5d47dbfaf1a71df9"
"2023-03-29T15:35:07.062Z",3,"T1","64245a9d20f7049a5a59a197"
"2023-03-29T15:35:07.739Z",2,"T1","64245a96f1ea98466bcab682"
"2023-03-29T15:35:08.272Z",1,"T1","64245a9bf1ea98466bcab686"
"2023-03-29T15:35:08.749Z",2,"T8","64245a9e5d47dbfaf1a71dfb"
"2023-03-29T15:35:09.270Z",2,"T1","64245a9a2f63da2abdc4a232"
"2023-03-29T15:35:10.232Z",4,"T8","64245aa32f63da2abdc4a23b"
"2023-03-29T15:35:11.295Z",1,"T1","64245a9fe39f7b05b626a418"
"2023-03-29T15:35:11.619Z",1,"T1","64245aa5e39f7b05b626a41a"
"2023-03-29T15:35:12.453Z",1,"T10","64245a9f2f63da2abdc4a237"
"2023-03-29T15:35:12.655Z",3,"T1","64245aa820f7049a5a59a19a"
"2023-03-29T15:35:13.586Z",4,"T10","64245a9f5d47dbfaf1a71dfd"
"2023-03-29T15:35:13.642Z",2,"T5","64245aabe39f7b05b626a41f"
"2023-03-29T15:35:15.599Z",2,"T8","64245aa65d47dbfaf1a71e01"
"2023-03-29T15:35:16.437Z",1,"T1","64245aa6f1ea98466bcab689"
"2023-03-29T15:35:19.917Z",1,"T10","64245aac5d47dbfaf1a71e05"
"2023-03-29T15:35:21.342Z",4,"T8","64245aae20f7049a5a59a19e"
"2023-03-29T15:35:23.038Z",2,"T10","64245aaef1ea98466bcab691"
"2023-03-29T15:35:23.628Z",4,"T10","64245aade39f7b05b626a422"
"2023-03-29T15:35:25.120Z",1,"T8","64245a9d2f63da2abdc4a233"
"2023-03-29T15:35:25.432Z",1,"T5","64245a995d47dbfaf1a71df7"
"2023-03-29T15:35:26.155Z",1,"T8","64245aa7f1ea98466bcab68a"
"2023-03-29T15:35:26.947Z",1,"T1","64245ab120f7049a5a59a1a0"
"2023-03-29T15:35:27.874Z",2,"T5","64245aabf1ea98466bcab68e"
"2023-03-29T15:35:28.363Z",4,"T5","64245ab52f63da2abdc4a23f"
"2023-03-29T15:35:28.579Z",1,"T10","64245a6820f7049a5a59a17b"
"2023-03-29T15:35:28.943Z",3,"T8","64245ab728c4d08a819e1944"
"2023-03-29T15:35:29.513Z",1,"T10","64245ab528c4d08a819e1941"
"2023-03-29T15:35:29.690Z",4,"T5","64245ab320f7049a5a59a1a1"
"2023-03-29T15:35:29.814Z",3,"T1","64245abae39f7b05b626a42d"
"2023-03-29T15:35:31.460Z",2,"T10","64245aa85d47dbfaf1a71e04"
"2023-03-29T15:35:38.369Z",4,"T8","64245ab82f63da2abdc4a242"
"2023-03-29T15:35:38.401Z",4,"T5","64245abd20f7049a5a59a1a3"
"2023-03-29T15:35:38.864Z",2,"T1","64245abc28c4d08a819e1947"
"2023-03-29T15:35:39.312Z",2,"T8","64245abd5d47dbfaf1a71e09"
"2023-03-29T15:35:39.469Z",4,"T10","64245ab72f63da2abdc4a241"
"2023-03-29T15:35:45.669Z",2,"T8","64245ac32f63da2abdc4a24d"
"2023-03-29T15:35:46.265Z",2,"T5","64245ac128c4d08a819e1949"
"2023-03-29T15:35:46.525Z",2,"T8","64245abce39f7b05b626a42e"
"2023-03-29T15:35:47.643Z",1,"T5","64245ac6e39f7b05b626a435"
"2023-03-29T15:35:49.732Z",3,"T8","64245ace2f63da2abdc4a253"
"2023-03-29T15:35:52.394Z",4,"T8","64245abb2f63da2abdc4a246"
"2023-03-29T15:35:53.083Z",2,"T1","64245ac12f63da2abdc4a24a"
"2023-03-29T15:35:54.775Z",1,"T1","64245aced1669f500a2dad8d"
"2023-03-29T15:35:56.588Z",2,"T1","64245acf2f63da2abdc4a254"
"2023-03-29T15:35:57.207Z",2,"T8","64245ad5f1ea98466bcab69d"
"2023-03-29T15:35:57.239Z",2,"T1","64245ad420f7049a5a59a1ad"
"2023-03-29T15:36:02.373Z",1,"T10","64245ad028c4d08a819e1952"
"2023-03-29T15:36:03.835Z",2,"T5","64245ad3e39f7b05b626a43e"
"2023-03-29T15:36:05.806Z",3,"T10","64245ad628c4d08a819e1955"
"2023-03-29T15:36:06.300Z",3,"T8","64245ad62f63da2abdc4a259"
"2023-03-29T15:36:06.875Z",1,"T8","64245ad42f63da2abdc4a258"
"2023-03-29T15:36:08.182Z",4,"T5","64245ac728c4d08a819e194c"
"2023-03-29T15:36:09.040Z",4,"T10","64245ad1d1669f500a2dad8e"
"2023-03-29T15:36:10.239Z",2,"T1","64245adae39f7b05b626a445"
"2023-03-29T15:36:10.879Z",3,"T5","64245ac62f63da2abdc4a24f"
"2023-03-29T15:36:10.969Z",1,"T8","64245ae2f1ea98466bcab6a2"
"2023-03-29T15:36:13.965Z",4,"T5","64245ae5e39f7b05b626a44f"
"2023-03-29T15:36:15.006Z",2,"T8","64245adfe39f7b05b626a44a"
"2023-03-29T15:36:16.385Z",1,"T1","64245adce39f7b05b626a449"
"2023-03-29T15:36:16.430Z",3,"T8","64245ae92f63da2abdc4a267"
"2023-03-29T15:36:16.524Z",2,"T10","64245ad4e39f7b05b626a43f"
"2023-03-29T15:36:16.628Z",1,"T10","64245add28c4d08a819e1959"
"2023-03-29T15:36:17.614Z",4,"T10","64245ad1f1ea98466bcab69a"
"2023-03-29T15:36:18.156Z",3,"T10","64245ae0e39f7b05b626a44b"
"2023-03-29T15:36:18.768Z",3,"T10","64245ae428c4d08a819e195c"
"2023-03-29T15:36:22.012Z",4,"T8","64245aeff1ea98466bcab6ac"
"2023-03-29T15:36:23.346Z",1,"T8","64245ae5e39f7b05b626a44e"
"2023-03-29T15:36:24.890Z",1,"T1","64245aeb2f63da2abdc4a269"
"2023-03-29T15:36:25.441Z",4,"T1","64245ae9e39f7b05b626a452"
"2023-03-29T15:36:26.147Z",2,"T10","64245acee39f7b05b626a43a"
"2023-03-29T15:36:28.032Z",1,"T5","64245af12f63da2abdc4a26e"
"2023-03-29T15:36:29.078Z",4,"T1","64245af128c4d08a819e1965"
"2023-03-29T15:36:29.225Z",1,"T5","64245aed2f63da2abdc4a26b"
"2023-03-29T15:36:29.783Z",4,"T8","64245ae1e39f7b05b626a44c"
"2023-03-29T15:36:33.019Z",1,"T8","64245af5e39f7b05b626a45c"
"2023-03-29T15:36:34.178Z",4,"T10","64245af7d1669f500a2dad95"
"2023-03-29T15:36:35.082Z",1,"T8","64245acde39f7b05b626a439"
"2023-03-29T15:36:35.144Z",3,"T5","64245af7e39f7b05b626a45d"
"2023-03-29T15:36:35.852Z",1,"T10","64245af728c4d08a819e196c"
"2023-03-29T15:36:36.484Z",1,"T1","64245af328c4d08a819e1969"
"2023-03-29T15:36:38.259Z",1,"T1","64245ae5f1ea98466bcab6a3"
"2023-03-29T15:36:38.691Z",2,"T8","64245afad1669f500a2dad97"
"2023-03-29T15:36:42.510Z",3,"T5","64245b032f63da2abdc4a277"
"2023-03-29T15:36:43.831Z",1,"T5","64245aebf1ea98466bcab6a7"
"2023-03-29T15:36:44.830Z",1,"T5","64245afb28c4d08a819e1970"
"2023-03-29T15:36:45.062Z",3,"T1","64245b05e39f7b05b626a46d"
"2023-03-29T15:36:45.830Z",2,"T10","64245af5d1669f500a2dad92"
"2023-03-29T15:36:51.890Z",1,"T8","64245af4e39f7b05b626a45b"
"2023-03-29T15:36:52.202Z",1,"T10","64245b0a2f63da2abdc4a279"
"2023-03-29T15:36:52.223Z",2,"T10","64245b02e39f7b05b626a46a"
"2023-03-29T15:36:52.503Z",2,"T8","64245b0a20f7049a5a59a1b1"
"2023-03-29T15:36:52.834Z",2,"T10","64245b08e39f7b05b626a46f"
"2023-03-29T15:36:52.885Z",4,"T8","64245b0dd1669f500a2dad9d"
"2023-03-29T15:36:54.102Z",3,"T8","64245b09d1669f500a2dad99"
"2023-03-29T15:36:55.875Z",1,"T10","64245ae928c4d08a819e1960"
"2023-03-29T15:36:56.296Z",2,"T10","64245afc28c4d08a819e1971"
"2023-03-29T15:36:58.329Z",3,"T10","64245b0f28c4d08a819e1979"
"2023-03-29T15:36:59.379Z",1,"T5","64245b04e39f7b05b626a46c"
"2023-03-29T15:37:00.690Z",1,"T10","64245b0fe39f7b05b626a473"
"2023-03-29T15:37:00.856Z",2,"T10","64245b0ad1669f500a2dad9a"
"2023-03-29T15:37:02.507Z",3,"T8","64245b0fd1669f500a2dada1"
"2023-03-29T15:37:04.350Z",2,"T5","64245b17d1669f500a2dada9"
"2023-03-29T15:37:06.477Z",1,"T10","64245b13d1669f500a2dada5"
"2023-03-29T15:37:06.576Z",3,"T5","64245a8c20f7049a5a59a190"
"2023-03-29T15:37:07.257Z",1,"T10","64245b0ff1ea98466bcab6be"
"2023-03-29T15:37:07.559Z",1,"T5","64245b06f1ea98466bcab6b9"
"2023-03-29T15:37:07.982Z",4,"T8","64245b1828c4d08a819e1981"
"2023-03-29T15:37:08.576Z",2,"T10","64245b11d1669f500a2dada3"
"2023-03-29T15:37:10.401Z",1,"T10","64245b17d1669f500a2dada8"
"2023-03-29T15:37:10.449Z",1,"T5","64245b1e28c4d08a819e1985"
"2023-03-29T15:37:14.499Z",2,"T5","64245b2028c4d08a819e1989"
"2023-03-29T15:37:15.225Z",1,"T8","64245b1a2f63da2abdc4a27f"
"2023-03-29T15:37:16.701Z",1,"T8","64245b1df1ea98466bcab6c4"
"2023-03-29T15:37:17.712Z",4,"T8","64245b22f1ea98466bcab6c8"
"2023-03-29T15:37:17.776Z",3,"T8","64245b18f1ea98466bcab6bf"
"2023-03-29T15:37:18.002Z",1,"T10","64245b1cf1ea98466bcab6c1"
"2023-03-29T15:37:19.346Z",1,"T5","64245b29d1669f500a2dadb1"
"2023-03-29T15:37:20.667Z",1,"T10","64245b2620f7049a5a59a1b9"
"2023-03-29T15:37:20.694Z",1,"T1","64245b22e39f7b05b626a481"
"2023-03-29T15:37:20.741Z",2,"T10","64245b21e39f7b05b626a47e"
"2023-03-29T15:37:23.703Z",3,"T1","64245b29f1ea98466bcab6ce"
"2023-03-29T15:37:23.927Z",1,"T1","64245b2ad1669f500a2dadb4"
"2023-03-29T15:37:24.540Z",2,"T1","64245b01e39f7b05b626a468"
"2023-03-29T15:37:27.983Z",2,"T10","64245b2de39f7b05b626a48a"
"2023-03-29T15:37:28.519Z",1,"T5","64245b2ce39f7b05b626a488"
"2023-03-29T15:37:28.595Z",1,"T1","64245b28f1ea98466bcab6cd"
"2023-03-29T15:37:29.978Z",1,"T8","64245b31e39f7b05b626a48f"
"2023-03-29T15:37:31.400Z",1,"T1","64245b0ed1669f500a2dad9f"
"2023-03-29T15:37:33.359Z",2,"T1","64245b27f1ea98466bcab6cc"
"2023-03-29T15:37:33.728Z",1,"T8","64245b2df1ea98466bcab6d3"
"2023-03-29T15:37:33.942Z",1,"T8","64245b2f2f63da2abdc4a289"
"2023-03-29T15:37:34.507Z",1,"T5","64245b372f63da2abdc4a290"
"2023-03-29T15:37:35.607Z",1,"T10","64245b3628c4d08a819e1994"
"2023-03-29T15:37:36.340Z",5,"T10","64245ac2e39f7b05b626a432"
"2023-03-29T15:37:36.421Z",1,"T1","64245b26f1ea98466bcab6ca"
"2023-03-29T15:37:37.142Z",4,"T10","64245b37d1669f500a2dadb7"
"2023-03-29T15:37:37.453Z",1,"T1","64245b3128c4d08a819e198f"
"2023-03-29T15:37:38.890Z",1,"T10","64245b33d1669f500a2dadb6"
"2023-03-29T15:37:40.864Z",1,"T1","64245b38d1669f500a2dadb9"
"2023-03-29T15:37:43.905Z",1,"T5","64245b3e20f7049a5a59a1ca"
"2023-03-29T15:37:44.389Z",1,"T1","64245b2af1ea98466bcab6d0"
"2023-03-29T15:37:44.588Z",2,"T10","64245b425d47dbfaf1a71e12"
"2023-03-29T15:37:47.515Z",2,"T1","64245b2a28c4d08a819e198e"
"2023-03-29T15:37:47.881Z",4,"T5","64245b3628c4d08a819e1993"
"2023-03-29T15:37:48.529Z",3,"T8","64245b362f63da2abdc4a28e"
"2023-03-29T15:37:50.747Z",1,"T5","64245b3f2f63da2abdc4a296"
"2023-03-29T15:37:51.259Z",4,"T8","64245b3a5d47dbfaf1a71e0d"
"2023-03-29T15:37:54.656Z",3,"T8","64245b3a20f7049a5a59a1c6"
"2023-03-29T15:37:55.620Z",4,"T8","64245b475d47dbfaf1a71e15"
"2023-03-29T15:37:55.656Z",1,"T1","64245b4428c4d08a819e19a2"
"2023-03-29T15:37:56.001Z",1,"T5","64245b395d47dbfaf1a71e0b"
"2023-03-29T15:37:56.545Z",1,"T5","64245b3ff1ea98466bcab6e6"
"2023-03-29T15:37:58.677Z",4,"T10","64245b3720f7049a5a59a1c5"
"2023-03-29T15:37:58.774Z",1,"T10","64245b452f63da2abdc4a29a"
"2023-03-29T15:37:59.055Z",4,"T8","64245b485d47dbfaf1a71e16"
"2023-03-29T15:38:01.039Z",1,"T8","64245b3f28c4d08a819e199d"
"2023-03-29T15:38:02.712Z",2,"T1","64245b46f1ea98466bcab6ec"
"2023-03-29T15:38:04.581Z",2,"T1","64245b495d47dbfaf1a71e17"
"2023-03-29T15:38:07.702Z",1,"T8","64245b57f1ea98466bcab6f8"
"2023-03-29T15:38:09.024Z",3,"T1","64245b4d28c4d08a819e19aa"
"2023-03-29T15:38:10.653Z",4,"T10","64245b5d28c4d08a819e19b8"
"2023-03-29T15:38:11.185Z",1,"T10","64245b5bf1ea98466bcab6fc"
"2023-03-29T15:38:13.671Z",4,"T8","64245b475d47dbfaf1a71e14"
"2023-03-29T15:38:19.882Z",2,"T5","64245b3e2f63da2abdc4a295"
"2023-03-29T15:38:21.093Z",1,"T1","64245b5ef1ea98466bcab6fe"
"2023-03-29T15:38:22.530Z",4,"T10","64245b5428c4d08a819e19b1"
"2023-03-29T15:38:22.839Z",1,"T8","64245b602f63da2abdc4a2b1"
"2023-03-29T15:38:22.961Z",1,"T5","64245b5528c4d08a819e19b3"
"2023-03-29T15:38:23.713Z",1,"T1","64245b67f1ea98466bcab706"
"2023-03-29T15:38:25.442Z",1,"T1","64245b642f63da2abdc4a2b5"
"2023-03-29T15:38:26.811Z",4,"T8","64245b572f63da2abdc4a2a8"
"2023-03-29T15:38:27.174Z",5,"T10","64245b6328c4d08a819e19ba"
"2023-03-29T15:38:28.523Z",1,"T10","64245b6628c4d08a819e19bc"
"2023-03-29T15:38:28.719Z",2,"T5","64245b6b2f63da2abdc4a2b9"
"2023-03-29T15:38:30.683Z",3,"T5","64245b695d47dbfaf1a71e20"
"2023-03-29T15:38:30.752Z",1,"T8","64245b622f63da2abdc4a2b3"
"2023-03-29T15:38:31.918Z",4,"T5","64245b5028c4d08a819e19af"
"2023-03-29T15:38:35.731Z",1,"T5","64245b632f63da2abdc4a2b4"
"2023-03-29T15:38:36.088Z",3,"T5","64245b6d2f63da2abdc4a2ba"
"2023-03-29T15:38:39.921Z",1,"T1","64245b682f63da2abdc4a2b8"
"2023-03-29T15:38:40.264Z",1,"T8","64245b785d47dbfaf1a71e2a"
"2023-03-29T15:38:40.979Z",4,"T8","64245b6f5d47dbfaf1a71e23"
"2023-03-29T15:38:41.170Z",1,"T1","64245b702f63da2abdc4a2bf"
"2023-03-29T15:38:44.520Z",1,"T5","64245b7820f7049a5a59a1d1"
"2023-03-29T15:38:46.354Z",4,"T10","64245b7b20f7049a5a59a1d2"
"2023-03-29T15:38:48.843Z",1,"T1","64245b732f63da2abdc4a2c3"
"2023-03-29T15:38:49.598Z",3,"T5","64245b752f63da2abdc4a2c5"
"2023-03-29T15:38:53.106Z",3,"T10","64245b7028c4d08a819e19bd"
"2023-03-29T15:38:53.821Z",1,"T1","64245b84f1ea98466bcab711"
"2023-03-29T15:38:54.424Z",2,"T10","64245b3728c4d08a819e1996"
"2023-03-29T15:38:55.388Z",3,"T8","64245b4228c4d08a819e19a1"
"2023-03-29T15:38:56.668Z",1,"T1","64245b882f63da2abdc4a2d4"
"2023-03-29T15:38:57.088Z",1,"T5","64245b762f63da2abdc4a2c6"
"2023-03-29T15:38:58.520Z",1,"T1","64245b7d5d47dbfaf1a71e2c"
"2023-03-29T15:39:00.366Z",2,"T8","64245b8820f7049a5a59a1d9"
"2023-03-29T15:39:00.845Z",1,"T5","64245b832f63da2abdc4a2cf"
"2023-03-29T15:39:01.135Z",1,"T8","64245b86f1ea98466bcab714"
"2023-03-29T15:39:02.277Z",1,"T1","64245b835d47dbfaf1a71e31"
"2023-03-29T15:39:02.529Z",4,"T8","64245b82f1ea98466bcab70f"
"2023-03-29T15:39:02.808Z",4,"T8","64245b8e28c4d08a819e19c9"
"2023-03-29T15:39:02.983Z",4,"T10","64245b8a20f7049a5a59a1da"
"2023-03-29T15:39:05.266Z",1,"T10","64245b88f1ea98466bcab716"
"2023-03-29T15:39:05.420Z",1,"T5","64245b9220f7049a5a59a1e1"
"2023-03-29T15:39:05.459Z",1,"T1","64245b882f63da2abdc4a2d3"
"2023-03-29T15:39:06.425Z",3,"T5","64245b892f63da2abdc4a2d5"
"2023-03-29T15:39:07.462Z",3,"T1","64245b89f1ea98466bcab718"
"2023-03-29T15:39:07.526Z",4,"T1","64245b9528c4d08a819e19d1"
"2023-03-29T15:39:08.843Z",4,"T5","64245b9128c4d08a819e19ce"
"2023-03-29T15:39:08.964Z",1,"T5","64245b8c20f7049a5a59a1db"
"2023-03-29T15:39:09.600Z",1,"T10","64245b8e5d47dbfaf1a71e35"
"2023-03-29T15:39:15.240Z",1,"T1","64245b93f1ea98466bcab71c"
"2023-03-29T15:39:17.067Z",1,"T8","64245b975d47dbfaf1a71e3c"
"2023-03-29T15:39:17.173Z",2,"T5","64245b9ae39f7b05b626a497"
"2023-03-29T15:39:17.313Z",2,"T10","64245b8928c4d08a819e19c7"
"2023-03-29T15:39:19.703Z",4,"T8","64245b9ef1ea98466bcab723"
"2023-03-29T15:39:19.735Z",1,"T10","64245b985d47dbfaf1a71e3d"
"2023-03-29T15:39:20.364Z",4,"T1","64245b915d47dbfaf1a71e38"
"2023-03-29T15:39:20.785Z",4,"T1","64245b93f1ea98466bcab71b"
"2023-03-29T15:39:28.591Z",1,"T1","64245ba52f63da2abdc4a2e3"
"2023-03-29T15:39:28.787Z",5,"T10","64245ba7f1ea98466bcab729"
"2023-03-29T15:39:29.263Z",4,"T10","64245ba62f63da2abdc4a2e4"
"2023-03-29T15:39:32.020Z",3,"T1","64245ba85d47dbfaf1a71e47"
"2023-03-29T15:39:32.189Z",1,"T5","64245ba528c4d08a819e19d2"
"2023-03-29T15:39:32.231Z",1,"T10","64245ba75d47dbfaf1a71e46"
"2023-03-29T15:39:32.282Z",3,"T10","64245b9228c4d08a819e19cf"
"2023-03-29T15:39:32.344Z",4,"T10","64245ba3f1ea98466bcab727"
"2023-03-29T15:39:33.806Z",1,"T5","64245ba82f63da2abdc4a2e7"
"2023-03-29T15:39:35.650Z",1,"T8","64245bae28c4d08a819e19d6"
"2023-03-29T15:39:36.147Z",1,"T5","64245b9a5d47dbfaf1a71e3f"
"2023-03-29T15:39:36.256Z",1,"T5","64245baa5d47dbfaf1a71e4a"
"2023-03-29T15:39:38.757Z",3,"T1","64245b9d2f63da2abdc4a2db"
"2023-03-29T15:39:40.030Z",2,"T1","64245b31e39f7b05b626a490"
"2023-03-29T15:39:41.567Z",1,"T1","64245bb028c4d08a819e19d7"
"2023-03-29T15:39:44.032Z",1,"T1","64245bb25d47dbfaf1a71e4e"
"2023-03-29T15:39:46.587Z",1,"T5","64245bb420f7049a5a59a1e4"
"2023-03-29T15:39:47.111Z",1,"T10","64245ba35d47dbfaf1a71e42"
"2023-03-29T15:39:48.855Z",3,"T5","64245baef1ea98466bcab72d"
"2023-03-29T15:39:50.123Z",1,"T10","64245bb62f63da2abdc4a2ec"
"2023-03-29T15:39:52.715Z",1,"T5","64245bb9d1669f500a2dadbf"
"2023-03-29T15:39:53.691Z",1,"T1","64245b8f5d47dbfaf1a71e37"
"2023-03-29T15:39:54.297Z",2,"T8","64245bbe28c4d08a819e19e0"
"2023-03-29T15:39:56.269Z",1,"T10","64245bb52f63da2abdc4a2eb"
"2023-03-29T15:39:56.479Z",3,"T1","64245bc52f63da2abdc4a2f9"
"2023-03-29T15:39:56.740Z",4,"T5","64245b9d5d47dbfaf1a71e41"
"2023-03-29T15:39:57.288Z",2,"T10","64245bbee39f7b05b626a49e"
"2023-03-29T15:39:57.257Z",1,"T1","64245bbc2f63da2abdc4a2f1"
"2023-03-29T15:39:57.572Z",1,"T5","64245bbe2f63da2abdc4a2f3"
"2023-03-29T15:39:57.877Z",1,"T8","64245bbfe39f7b05b626a49f"
"2023-03-29T15:39:58.003Z",2,"T5","64245bbfd1669f500a2dadc6"
"2023-03-29T15:39:59.368Z",1,"T5","64245bba2f63da2abdc4a2ef"
"2023-03-29T15:39:59.455Z",1,"T8","64245bbdd1669f500a2dadc4"
"2023-03-29T15:40:00.605Z",1,"T10","64245bbed1669f500a2dadc5"
"2023-03-29T15:40:04.641Z",2,"T5","64245bc52f63da2abdc4a2fa"
"2023-03-29T15:40:12.822Z",1,"T1","64245bd228c4d08a819e19e4"
"2023-03-29T15:40:13.152Z",1,"T1","64245bd2e39f7b05b626a4af"
"2023-03-29T15:40:13.386Z",1,"T1","64245bb42f63da2abdc4a2ea"
"2023-03-29T15:40:15.021Z",2,"T8","64245bce20f7049a5a59a1ed"
"2023-03-29T15:40:15.328Z",3,"T10","64245bc9e39f7b05b626a4a3"
"2023-03-29T15:40:15.482Z",1,"T1","64245bcc20f7049a5a59a1ec"
"2023-03-29T15:40:15.582Z",3,"T10","64245bd8e39f7b05b626a4b2"
"2023-03-29T15:40:15.587Z",3,"T10","64245bcfe39f7b05b626a4ac"
"2023-03-29T15:40:18.216Z",2,"T10","64245bd0e39f7b05b626a4ad"
"2023-03-29T15:40:18.412Z",5,"T5","64245bd2d1669f500a2dadd4"
"2023-03-29T15:40:18.571Z",3,"T10","64245bdae39f7b05b626a4b5"
"2023-03-29T15:40:20.343Z",1,"T1","64245bdbd1669f500a2daddb"
"2023-03-29T15:40:21.007Z",4,"T10","64245bd8d1669f500a2dadd8"
"2023-03-29T15:40:21.067Z",1,"T10","64245bd9e39f7b05b626a4b4"
"2023-03-29T15:40:22.433Z",1,"T5","64245bcc2f63da2abdc4a301"
"2023-03-29T15:40:22.651Z",3,"T10","64245bd728c4d08a819e19e8"
"2023-03-29T15:40:23.148Z",2,"T1","64245bdb28c4d08a819e19eb"
"2023-03-29T15:40:24.316Z",4,"T10","64245bdcd1669f500a2daddc"
"2023-03-29T15:40:32.733Z",4,"T1","64245bc82f63da2abdc4a2fe"
"2023-03-29T15:40:33.657Z",3,"T5","64245be0d1669f500a2dade1"
"2023-03-29T15:40:35.123Z",1,"T1","64245be9e39f7b05b626a4c1"
"2023-03-29T15:40:38.610Z",3,"T1","64245beee39f7b05b626a4c6"
"2023-03-29T15:40:38.657Z",2,"T10","64245be6d1669f500a2dade8"
"2023-03-29T15:40:40.373Z",1,"T8","64245be4d1669f500a2dade6"
"2023-03-29T15:40:40.827Z",1,"T10","64245bec20f7049a5a59a203"
"2023-03-29T15:40:41.294Z",3,"T5","64245bf02f63da2abdc4a30b"
"2023-03-29T15:40:42.878Z",1,"T1","64245be92f63da2abdc4a306"
"2023-03-29T15:40:44.087Z",1,"T1","64245be6d1669f500a2dade9"
"2023-03-29T15:40:46.925Z",1,"T5","64245be6e39f7b05b626a4bd"
"2023-03-29T15:40:49.440Z",3,"T8","64245bf3e39f7b05b626a4cc"
"2023-03-29T15:40:49.593Z",1,"T1","64245bfa2f63da2abdc4a318"
"2023-03-29T15:40:50.080Z",1,"T8","64245bf6e39f7b05b626a4d0"
"2023-03-29T15:40:50.468Z",1,"T1","64245bf9d1669f500a2dadea"
"2023-03-29T15:40:50.816Z",1,"T1","64245bfbe39f7b05b626a4d3"
"2023-03-29T15:40:51.498Z",1,"T10","64245beae39f7b05b626a4c2"
"2023-03-29T15:40:52.453Z",3,"T8","64245bebe39f7b05b626a4c3"
"2023-03-29T15:40:52.946Z",2,"T5","64245bf5e39f7b05b626a4cf"
"2023-03-29T15:40:55.299Z",3,"T10","64245bf520f7049a5a59a20b"
"2023-03-29T15:40:58.359Z",2,"T10","64245bfbd1669f500a2daded"
"2023-03-29T15:41:00.215Z",2,"T8","64245bfe2f63da2abdc4a31d"
"2023-03-29T15:41:00.221Z",3,"T10","64245c0128c4d08a819e19fe"
"2023-03-29T15:41:04.671Z",1,"T5","64245c0828c4d08a819e1a04"
"2023-03-29T15:41:05.659Z",3,"T10","64245c0028c4d08a819e19fd"
"2023-03-29T15:41:06.760Z",2,"T5","64245c06d1669f500a2dadf9"
"2023-03-29T15:41:08.075Z",2,"T10","64245bc920f7049a5a59a1e8"
"2023-03-29T15:41:09.262Z",2,"T8","64245c05d1669f500a2dadf7"
"2023-03-29T15:41:10.431Z",1,"T1","64245c0be39f7b05b626a4e3"
"2023-03-29T15:41:11.016Z",2,"T10","64245c07d1669f500a2dadfa"
"2023-03-29T15:41:11.170Z",3,"T1","64245c0d28c4d08a819e1a07"
"2023-03-29T15:41:13.880Z",1,"T1","64245c0a28c4d08a819e1a05"
"2023-03-29T15:41:13.932Z",4,"T5","64245c0a20f7049a5a59a211"
"2023-03-29T15:41:14.160Z",4,"T1","64245c0ad1669f500a2dadfd"
"2023-03-29T15:41:14.298Z",1,"T1","64245c082f63da2abdc4a326"
"2023-03-29T15:41:16.631Z",2,"T8","64245c02e39f7b05b626a4d7"
"2023-03-29T15:41:16.787Z",1,"T1","64245c0e20f7049a5a59a215"
"2023-03-29T15:41:17.454Z",2,"T1","64245c0ff1ea98466bcab738"
"2023-03-29T15:41:17.923Z",2,"T10","64245c02e39f7b05b626a4d6"
"2023-03-29T15:41:18.333Z",1,"T1","64245bfd2f63da2abdc4a31c"
"2023-03-29T15:41:19.453Z",1,"T5","64245c1028c4d08a819e1a0a"
"2023-03-29T15:41:20.029Z",1,"T5","64245c0e28c4d08a819e1a08"
"2023-03-29T15:41:22.360Z",2,"T5","64245c1620f7049a5a59a21a"
"2023-03-29T15:41:23.040Z",1,"T1","64245c182f63da2abdc4a329"
"2023-03-29T15:41:23.254Z",1,"T5","64245c11e39f7b05b626a4e5"
"2023-03-29T15:41:24.441Z",1,"T1","64245c18e39f7b05b626a4ed"
"2023-03-29T15:41:24.532Z",1,"T5","64245c19f1ea98466bcab741"
"2023-03-29T15:41:25.233Z",1,"T8","64245c1628c4d08a819e1a0c"
"2023-03-29T15:41:27.924Z",1,"T5","64245c1420f7049a5a59a219"
"2023-03-29T15:41:28.873Z",1,"T5","64245c1ad1669f500a2dae05"
"2023-03-29T15:41:29.290Z",1,"T5","64245c2020f7049a5a59a221"
"2023-03-29T15:41:30.942Z",4,"T5","64245bef2f63da2abdc4a30a"
"2023-03-29T15:41:31.661Z",1,"T5","64245c13e39f7b05b626a4eb"
"2023-03-29T15:41:33.654Z",1,"T8","64245c1ae39f7b05b626a4ee"
"2023-03-29T15:41:34.999Z",2,"T8","64245c222f63da2abdc4a32f"
"2023-03-29T15:41:35.780Z",1,"T8","64245c1d20f7049a5a59a21d"
"2023-03-29T15:41:38.172Z",4,"T10","64245c232f63da2abdc4a330"
"2023-03-29T15:41:38.665Z",2,"T5","64245c29d51fb5cfd5fc1f24"
"2023-03-29T15:41:38.802Z",2,"T8","64245c27f1ea98466bcab753"
"2023-03-29T15:41:39.357Z",1,"T5","64245c23d1669f500a2dae10"
"2023-03-29T15:41:39.467Z",4,"T8","64245c21f1ea98466bcab74c"
"2023-03-29T15:41:39.817Z",1,"T5","64245c1dd1669f500a2dae08"
"2023-03-29T15:41:39.988Z",4,"T8","64245c25f1ea98466bcab751"
"2023-03-29T15:41:40.314Z",2,"T5","64245c1ad1669f500a2dae06"
"2023-03-29T15:41:40.372Z",1,"T10","64245c1e28c4d08a819e1a0e"
"2023-03-29T15:41:42.254Z",1,"T5","64245c15f1ea98466bcab73d"
"2023-03-29T15:41:42.311Z",2,"T5","64245c23e39f7b05b626a4f6"
"2023-03-29T15:41:43.443Z",2,"T5","64245c22f1ea98466bcab74d"
"2023-03-29T15:41:44.146Z",1,"T5","64245c235d47dbfaf1a71e51"
"2023-03-29T15:41:44.699Z",1,"T5","64245c1fe39f7b05b626a4f0"
"2023-03-29T15:41:45.362Z",3,"T5","64245c3120f7049a5a59a22b"
"2023-03-29T15:41:50.246Z",1,"T1","64245c3473721ed1e99a3e3c"
"2023-03-29T15:41:50.856Z",1,"T5","64245c3073721ed1e99a3e37"
"2023-03-29T15:41:52.226Z",1,"T10","64245c2c20f7049a5a59a228"
"2023-03-29T15:41:53.946Z",1,"T8","64245c3ae39f7b05b626a4fe"
"2023-03-29T15:41:54.653Z",3,"T8","64245c072f63da2abdc4a324"
"2023-03-29T15:41:58.077Z",3,"T8","64245c3173721ed1e99a3e39"
"2023-03-29T15:41:58.625Z",1,"T5","64245c39e39f7b05b626a4fd"
"2023-03-29T15:42:00.900Z",1,"T5","64245c3220f7049a5a59a22c"
"2023-03-29T15:42:01.582Z",4,"T8","64245c3b20f7049a5a59a232"
"2023-03-29T15:42:02.695Z",1,"T10","64245c3e73721ed1e99a3e41"
"2023-03-29T15:42:02.791Z",2,"T10","64245c3b2f63da2abdc4a33b"
"2023-03-29T15:42:03.863Z",1,"T10","64245c44d51fb5cfd5fc1f35"
"2023-03-29T15:42:05.314Z",3,"T8","64245c4473721ed1e99a3e45"
"2023-03-29T15:42:05.939Z",4,"T10","64245c3bf1ea98466bcab757"
"2023-03-29T15:42:06.284Z",1,"T10","64245c3b73721ed1e99a3e40"
"2023-03-29T15:42:06.445Z",1,"T8","64245c30d51fb5cfd5fc1f25"
"2023-03-29T15:42:07.864Z",1,"T10","64245c4373721ed1e99a3e44"
"2023-03-29T15:42:07.894Z",2,"T8","64245c42f1ea98466bcab75f"
"2023-03-29T15:42:08.396Z",1,"T5","64245c40d1669f500a2dae12"
"2023-03-29T15:42:08.982Z",3,"T8","64245c3b2f63da2abdc4a33c"
"2023-03-29T15:42:11.976Z",1,"T10","64245c46f1ea98466bcab765"
"2023-03-29T15:42:12.417Z",4,"T5","64245c26f1ea98466bcab752"
"2023-03-29T15:42:13.311Z",1,"T10","64245c45d51fb5cfd5fc1f36"
"2023-03-29T15:42:15.934Z",1,"T1","64245c4cf1ea98466bcab769"
"2023-03-29T15:42:19.142Z",1,"T8","64245c52f1ea98466bcab772"
"2023-03-29T15:42:19.951Z",1,"T1","64245c4cd51fb5cfd5fc1f3e"
"2023-03-29T15:42:20.473Z",1,"T1","64245c5220f7049a5a59a234"
"2023-03-29T15:42:20.857Z",2,"T10","64245c48d51fb5cfd5fc1f3a"
"2023-03-29T15:42:20.883Z",2,"T8","64245c4e2f63da2abdc4a347"
"2023-03-29T15:42:21.787Z",5,"T5","64245c40d51fb5cfd5fc1f31"
"2023-03-29T15:42:22.542Z",4,"T10","64245c46d51fb5cfd5fc1f37"
"2023-03-29T15:42:23.332Z",2,"T10","64245c50d1669f500a2dae1d"
"2023-03-29T15:42:23.805Z",1,"T5","64245c512f63da2abdc4a34b"
"2023-03-29T15:42:25.072Z",1,"T5","64245c54d1669f500a2dae20"
"2023-03-29T15:42:25.726Z",4,"T8","64245c4f2f63da2abdc4a349"
"2023-03-29T15:42:25.872Z",1,"T10","64245c4ed1669f500a2dae1a"
"2023-03-29T15:42:28.464Z",2,"T5","64245c44f1ea98466bcab761"
"2023-03-29T15:42:28.979Z",4,"T10","64245c22d1669f500a2dae0d"
"2023-03-29T15:42:29.359Z",3,"T10","64245c53d1669f500a2dae1e"
"2023-03-29T15:42:29.741Z",3,"T10","64245c5e20f7049a5a59a23e"
"2023-03-29T15:42:30.013Z",1,"T5","64245c522f63da2abdc4a34c"
"2023-03-29T15:42:32.052Z",1,"T1","64245c4bd51fb5cfd5fc1f3d"
"2023-03-29T15:42:37.968Z",1,"T1","64245c62f1ea98466bcab77b"
"2023-03-29T15:42:44.920Z",1,"T8","64245c5420f7049a5a59a236"
"2023-03-29T15:42:47.626Z",1,"T5","64245c4cf1ea98466bcab76b"
"2023-03-29T15:42:49.632Z",4,"T5","64245c6c20f7049a5a59a244"
"2023-03-29T15:42:50.116Z",2,"T5","64245c6bf1ea98466bcab787"
"2023-03-29T15:43:00.540Z",1,"T10","64245c752f63da2abdc4a359"
"2023-03-29T15:43:04.913Z",4,"T8","64245c4c2f63da2abdc4a345"
"2023-03-29T15:43:09.723Z",2,"T10","64245c3ff1ea98466bcab75b"
"2023-03-29T15:43:18.223Z",1,"T8","64245c41d51fb5cfd5fc1f32"
"2023-03-29T15:43:21.746Z",2,"T1","64245c7f2f63da2abdc4a361"
"2023-03-29T15:43:24.708Z",1,"T1","64245c7320f7049a5a59a24b"
"2023-03-29T15:43:30.842Z",2,"T1","64245c912f63da2abdc4a373"
"2023-03-29T15:43:31.722Z",2,"T5","64245c8d2f63da2abdc4a370"
"2023-03-29T15:43:44.465Z",2,"T8","64245ca72f63da2abdc4a381"
"2023-03-29T15:43:51.364Z",3,"T10","64245c9b2f63da2abdc4a37a"
"2023-03-29T15:43:54.542Z",4,"T1","64245c662f63da2abdc4a356"
"2023-03-29T15:44:05.721Z",2,"T8","64245cbad1669f500a2dae46"
"2023-03-29T15:44:11.847Z",2,"T5","64245c892f63da2abdc4a36b"
"2023-03-29T15:44:32.385Z",2,"T10","64245cd373721ed1e99a3e63"
"2023-03-29T15:44:50.885Z",3,"T8","64245ce173721ed1e99a3e6f"
"2023-03-29T15:44:51.922Z",5,"T10","64245b7c5d47dbfaf1a71e2b"
"2023-03-29T15:45:21.657Z",1,"T1","64245d0573721ed1e99a3e7d"
"2023-03-29T15:45:50.977Z",4,"T1","64245d2673721ed1e99a3e85"
"2023-03-29T15:45:51.920Z",3,"T1","64245d24f1ea98466bcab7bb"
"2023-03-29T15:46:12.744Z",3,"T1","64245d3bf1ea98466bcab7c3"
"2023-03-29T15:46:55.875Z",1,"T1","64245d53f1ea98466bcab7cb"
"2023-03-29T15:47:10.366Z",1,"T1","64245d6ef1ea98466bcab7d8"
"2023-03-29T15:47:20.805Z",4,"T8","64245d45f1ea98466bcab7c7"
"2023-03-29T15:48:23.036Z",1,"T1","64245daaf1ea98466bcab7e7"
"2023-03-29T15:48:39.901Z",1,"T8","64245dc573721ed1e99a3e97"
"2023-03-29T15:49:24.500Z",2,"T1","64245c61f1ea98466bcab779"
"2023-03-29T15:49:59.505Z",4,"T1","64245e1ff1ea98466bcab7fb"
"2023-03-29T15:50:21.540Z",1,"T1","64245e1af1ea98466bcab7fa"
"2023-03-30T11:48:24.275Z",2,"T5","642576fc32fd304b383cfca3"
