"user_id","created_at","prolific_id"
"6422fcb5185744047cc41c8b","2023-03-28T14:41:57.694Z","6106c79d7ee2fe0971e297b8"
"642304c0ad642925c209928a","2023-03-28T15:16:16.012Z","62d800438c8e65be77d4bdbb"
"642304d04d2cb1cd50d5e42e","2023-03-28T15:16:32.288Z","559e16a2fdf99b4f0b984e34"
"642305204d2cb1cd50d5e434","2023-03-28T15:17:52.381Z","578f95176475d400015aa5a0"
"642305264d2cb1cd50d5e435","2023-03-28T15:17:58.721Z","5a4e95373646f90001741ad8"
"642305434d2cb1cd50d5e43a","2023-03-28T15:18:27.065Z","60eaeaa416ee31f32d13393c"
"642451582f63da2abdc4a093","2023-03-29T14:55:20.120Z","5cf24c627e2e1400197f2d37"
"642451712f63da2abdc4a095","2023-03-29T14:55:45.148Z","6060dcaf19b714b145f5a5f3"
"642452312f63da2abdc4a09b","2023-03-29T14:58:57.769Z","6083ba6abe81fe3fc3c6095f"
"642452592f63da2abdc4a09d","2023-03-29T14:59:37.811Z","60fecf386c708796174d25cb"
"642452822f63da2abdc4a09f","2023-03-29T15:00:18.122Z","63e51fded2209b8c386088b1"
"642452f12f63da2abdc4a0a5","2023-03-29T15:02:09.601Z","5c59390c34bba40001b72c23"
"642452f42f63da2abdc4a0a6","2023-03-29T15:02:12.700Z","5f88b1277272d408b9a8676a"
"64245312f1ea98466bcab451","2023-03-29T15:02:42.211Z","58c1c07127e23a0001b4ea08"
"6424531ff1ea98466bcab452","2023-03-29T15:02:55.589Z","5c5460a7aea88300016157be"
"64245372f1ea98466bcab457","2023-03-29T15:04:18.531Z","6013ce4604463203cc1f9602"
"64245377f1ea98466bcab459","2023-03-29T15:04:23.907Z","5f70c1e1523dbc6bad6afc6a"
"64245389f1ea98466bcab45c","2023-03-29T15:04:41.605Z","570ce93891c7b5000e005a0e"
"642453aff1ea98466bcab45f","2023-03-29T15:05:19.435Z","634d7a50d2ec41a9e0998f8d"
"642453c5f1ea98466bcab461","2023-03-29T15:05:41.120Z","6147a56ede21f199226e8b7a"
"642453d5f1ea98466bcab464","2023-03-29T15:05:57.096Z","5f04e04c6fc1777ca7b04349"
"642453f0f1ea98466bcab467","2023-03-29T15:06:24.457Z","5b01e69aa496b300013d5b9b"
"64245405f1ea98466bcab46d","2023-03-29T15:06:45.778Z","609170ef01aaac768b1361fe"
"642454282f63da2abdc4a0a9","2023-03-29T15:07:20.571Z","595bf7acc76e6700014d33fc"
"64245441f1ea98466bcab47a","2023-03-29T15:07:45.065Z","5b643b5f85504400018abbaf"
"64245452f1ea98466bcab47c","2023-03-29T15:08:02.809Z","61197b469838f3a6ccfe0b9a"
"6424545bf1ea98466bcab47d","2023-03-29T15:08:11.052Z","5ce9a0df0f264b0017198742"
"6424546cf1ea98466bcab481","2023-03-29T15:08:28.838Z","59b193aff69f3400018671ba"
"64245470f1ea98466bcab482","2023-03-29T15:08:32.569Z","5fa9442d6506e906da475176"
"64245476f1ea98466bcab484","2023-03-29T15:08:38.992Z","63cfb90f3b22be163a89094c"
"642454792f63da2abdc4a0ab","2023-03-29T15:08:41.789Z","63f7cf116fed50bac18f5af6"
"6424547b2f63da2abdc4a0ac","2023-03-29T15:08:43.423Z","5991c7ce8380cc00012a3e02"
"64245485f1ea98466bcab486","2023-03-29T15:08:53.687Z","63d7d24b7c5c14735adffba7"
"6424548df1ea98466bcab489","2023-03-29T15:09:01.255Z","5ec5fd2be4720667c0ff9e4b"
"64245497f1ea98466bcab48b","2023-03-29T15:09:11.493Z","5b61dc6656c05f00018c7968"
"642454a1f1ea98466bcab48d","2023-03-29T15:09:21.158Z","5ebe7ab97c1fc3028cf1df1b"
"642454b12f63da2abdc4a0af","2023-03-29T15:09:37.251Z","61266f4abaa516e9a40c6f68"
"642454cff1ea98466bcab49c","2023-03-29T15:10:07.904Z","5ed7a5208074e9237b19bcd0"
"642454ea2f63da2abdc4a0b0","2023-03-29T15:10:34.800Z","60ddfe81bed47796fa7f8ead"
"642454fa2f63da2abdc4a0b3","2023-03-29T15:10:50.225Z","628f6f6f0095bdb7864a1447"
"642454fd2f63da2abdc4a0b4","2023-03-29T15:10:53.889Z","5f66697677720012a0b4d38f"
"64245505f1ea98466bcab4a3","2023-03-29T15:11:01.626Z","63d79c683c03c74113646c36"
"6424550df1ea98466bcab4a6","2023-03-29T15:11:09.485Z","5874022fa763c900011d9ab7"
"6424550ef1ea98466bcab4a7","2023-03-29T15:11:10.673Z","57dc437d89fea70001729482"
"64245516f1ea98466bcab4a9","2023-03-29T15:11:18.034Z","62e2f478cb78d9952bdb76f1"
"6424551df1ea98466bcab4ac","2023-03-29T15:11:25.160Z","5d41b7dccda26100172e9d83"
"64245524f1ea98466bcab4af","2023-03-29T15:11:32.865Z","600ac24672c63b033e4c9186"
"642455252f63da2abdc4a0b7","2023-03-29T15:11:33.094Z","5ca606a5614b7b0015be495e"
"6424552c2f63da2abdc4a0ba","2023-03-29T15:11:40.041Z","59b7e9d87547b100012d6dfd"
"6424552df1ea98466bcab4b2","2023-03-29T15:11:41.431Z","5c67d319dcdfb700014b065f"
"64245531f1ea98466bcab4b3","2023-03-29T15:11:45.821Z","5eba1056248e4a00088cd9da"
"6424553af1ea98466bcab4b8","2023-03-29T15:11:54.154Z","5a8e54c9f49c9a0001f3dc3f"
"642455572f63da2abdc4a0c5","2023-03-29T15:12:23.470Z","6117c7ca13e573569166d127"
"6424555820f7049a5a59a038","2023-03-29T15:12:24.276Z","5aeade84f00c7f00018f7807"
"6424555a20f7049a5a59a039","2023-03-29T15:12:26.627Z","59ad3ee82d73c00001e5cb12"
"6424555d2f63da2abdc4a0c7","2023-03-29T15:12:29.194Z","62cbeec3d7c0af8f45955536"
"6424556120f7049a5a59a03b","2023-03-29T15:12:33.106Z","5bf54dd783653500016776ec"
"6424556320f7049a5a59a03c","2023-03-29T15:12:35.510Z","6341e3bac1a5c048b36b507d"
"642455642f63da2abdc4a0c8","2023-03-29T15:12:36.238Z","5f7315d239bb5b04571dcbe9"
"6424556f2f63da2abdc4a0cd","2023-03-29T15:12:47.761Z","60df600d4d82e048f751a54c"
"642455722f63da2abdc4a0d0","2023-03-29T15:12:50.376Z","5dff7e7e37241cba93967631"
"64245576f1ea98466bcab4be","2023-03-29T15:12:54.650Z","5e1aeccbd32f9332c931651e"
"6424557620f7049a5a59a03d","2023-03-29T15:12:54.756Z","5fc4fcc560181108733ff9c7"
"6424557af1ea98466bcab4c0","2023-03-29T15:12:58.635Z","63d7d465e5c0b9a9287d30f6"
"6424558920f7049a5a59a041","2023-03-29T15:13:13.090Z","5f446933d850b5206f5d25af"
"6424559520f7049a5a59a045","2023-03-29T15:13:25.860Z","63d9871db27f4f2338fa2e1e"
"6424559af1ea98466bcab4c8","2023-03-29T15:13:30.024Z","5e2b36b28ef3f2000d8600c2"
"6424559e20f7049a5a59a048","2023-03-29T15:13:34.711Z","5d02a158c8a372001abf3b30"
"6424559ff1ea98466bcab4c9","2023-03-29T15:13:35.177Z","5b8312de066de70001664c55"
"642455a820f7049a5a59a04b","2023-03-29T15:13:44.540Z","63272648ee160c1c5a2fd405"
"642455a8f1ea98466bcab4ca","2023-03-29T15:13:44.744Z","62a33ac527bc0aebf8ffe289"
"642455be2f63da2abdc4a0d6","2023-03-29T15:14:06.501Z","5eb4841544c2df2f0190e8a0"
"642455c0f1ea98466bcab4d3","2023-03-29T15:14:08.685Z","5ac13a13e1099600016a62ef"
"642455cef1ea98466bcab4d6","2023-03-29T15:14:22.449Z","5a44fe8866e7880001de52cd"
"642455cf2f63da2abdc4a0d8","2023-03-29T15:14:23.229Z","5f44be060a0c140134ecbf54"
"642455d120f7049a5a59a04c","2023-03-29T15:14:25.460Z","641367fac9a879da4fc1be93"
"642455d5f1ea98466bcab4db","2023-03-29T15:14:29.069Z","5b24f4c734ffd00001b428ec"
"642455dc20f7049a5a59a050","2023-03-29T15:14:36.450Z","60fedccd65da849fc08a6498"
"642455ea20f7049a5a59a053","2023-03-29T15:14:50.375Z","5e6783d865bd0b0240923299"
"642455ecf1ea98466bcab4df","2023-03-29T15:14:52.430Z","613129fdf8f6b04c9a7a2429"
"642455f520f7049a5a59a056","2023-03-29T15:15:01.763Z","634d99116497e6a75ebec9a1"
"64245601f1ea98466bcab4e5","2023-03-29T15:15:13.799Z","6026fab330d2074783b7e1ab"
"6424560420f7049a5a59a05d","2023-03-29T15:15:16.234Z","60ce098bcb083fa9958aa4e8"
"64245608f1ea98466bcab4e9","2023-03-29T15:15:20.368Z","5eca495b4394820008aea444"
"64245609f1ea98466bcab4ea","2023-03-29T15:15:21.601Z","631f2b270e95594c95ccdef7"
"642456092f63da2abdc4a0db","2023-03-29T15:15:21.660Z","63f63f3f42bdc9d56fc82eda"
"6424561120f7049a5a59a062","2023-03-29T15:15:29.311Z","5cb8afb5a9282c0001607a09"
"64245612f1ea98466bcab4ec","2023-03-29T15:15:30.773Z","62ea9ad3007004e12c661a93"
"6424561320f7049a5a59a064","2023-03-29T15:15:31.065Z","5f38f4d28741a54106c05c4f"
"642456162f63da2abdc4a0de","2023-03-29T15:15:34.606Z","5f60aef33f5bac06ebf1ef48"
"6424561f20f7049a5a59a06b","2023-03-29T15:15:43.437Z","622a2acebc012eadf07416ce"
"642456382f63da2abdc4a0e7","2023-03-29T15:16:08.938Z","5ae0b4bfeb6040000153bbc8"
"6424563920f7049a5a59a071","2023-03-29T15:16:09.605Z","5ef7239728eb0d01d4d9a27f"
"6424563d20f7049a5a59a073","2023-03-29T15:16:13.526Z","5f632eba01d0853da2464c44"
"642456402f63da2abdc4a0e9","2023-03-29T15:16:16.325Z","63469f35701f6b1eb1e76b1f"
"64245640f1ea98466bcab4ed","2023-03-29T15:16:16.811Z","627a89c0a3be10b2c64578e2"
"64245644f1ea98466bcab4ef","2023-03-29T15:16:20.224Z","5e81b038c8977f000964e5b2"
"6424564a20f7049a5a59a07a","2023-03-29T15:16:26.188Z","5a69fb84eeef45000138d276"
"6424564c2f63da2abdc4a0eb","2023-03-29T15:16:28.458Z","6101eeecbfd86b113fe98d3b"
"6424564e20f7049a5a59a07d","2023-03-29T15:16:30.557Z","6158bb338b6122275bc191e3"
"64245652f1ea98466bcab4f6","2023-03-29T15:16:34.111Z","62a2f5450f26f2d53e87c929"
"64245654f1ea98466bcab4f8","2023-03-29T15:16:36.124Z","6411f6fa47ecc7439d8a157a"
"64245654f1ea98466bcab4fa","2023-03-29T15:16:36.857Z","62fb791ae2e74874f29e5ba1"
"6424565820f7049a5a59a07e","2023-03-29T15:16:40.741Z","5e33190a5a41122e93c40989"
"6424565f20f7049a5a59a082","2023-03-29T15:16:47.121Z","5991b5cd7d29e700017303bb"
"6424566720f7049a5a59a087","2023-03-29T15:16:55.737Z","5d53cfc5d388750001a0e012"
"6424566a20f7049a5a59a088","2023-03-29T15:16:58.785Z","58f264e495e14800013061b7"
"6424567420f7049a5a59a08c","2023-03-29T15:17:08.121Z","62b436e1fc091fd051b827dc"
"6424567620f7049a5a59a08d","2023-03-29T15:17:10.105Z","5f5a99fc00933319322faf08"
"64245686f1ea98466bcab4fd","2023-03-29T15:17:26.554Z","5f52450d6df3fe09b06bc2cc"
"6424568af1ea98466bcab4ff","2023-03-29T15:17:30.820Z","5dcb2bb4ae3b3b814b5fe27d"
"6424568ef1ea98466bcab500","2023-03-29T15:17:34.916Z","5cc2ecf5e2a25b001ad51820"
"6424568ff1ea98466bcab501","2023-03-29T15:17:35.232Z","5c56550e54f9d30001db7f50"
"6424569020f7049a5a59a099","2023-03-29T15:17:36.887Z","62a33bb5ae495e24d7791b8a"
"64245695f1ea98466bcab504","2023-03-29T15:17:41.898Z","613e7bf4ae5857b728674b91"
"64245698f1ea98466bcab507","2023-03-29T15:17:44.174Z","6316ef0182fe0ccf435703e3"
"6424569bf1ea98466bcab508","2023-03-29T15:17:47.565Z","5c195dd90084c50001ed0ce5"
"642456a0f1ea98466bcab50c","2023-03-29T15:17:52.243Z","62cd6fa42b0e6cf377b28655"
"642456a2f1ea98466bcab50f","2023-03-29T15:17:54.948Z","603cd8ab79e354a5ca48e507"
"642456a3f1ea98466bcab510","2023-03-29T15:17:55.626Z","5aac615eb8bbc90001394731"
"642456a420f7049a5a59a0a1","2023-03-29T15:17:56.097Z","627125a4c8bbe00988850330"
"642456a5f1ea98466bcab511","2023-03-29T15:17:57.318Z","5588b2bffdf99b7a7714efd1"
"642456af10c199041f3e02b6","2023-03-29T15:18:07.736Z","60b541217ae30e0573ba59be"
"642456b320f7049a5a59a0a7","2023-03-29T15:18:11.474Z","5ff73dda1d16d339f8e64bd1"
"642456b420f7049a5a59a0a9","2023-03-29T15:18:12.183Z","5c534b3807c57c00012d9686"
"642456b710c199041f3e02b9","2023-03-29T15:18:15.719Z","58bd6fb131de840001e84778"
"642456bb10c199041f3e02ba","2023-03-29T15:18:19.104Z","5cb2d3be2df32800172e3736"
"642456bef1ea98466bcab514","2023-03-29T15:18:22.321Z","634688d1e6bde39515818059"
"642456c2f1ea98466bcab515","2023-03-29T15:18:26.711Z","5f3013e31c8a690aacb02c31"
"642456c820f7049a5a59a0ae","2023-03-29T15:18:32.862Z","5f08f08be711931713bc33f3"
"642456cc20f7049a5a59a0b0","2023-03-29T15:18:36.730Z","5de4fc2d603b1b47646ff3c7"
"642456d720f7049a5a59a0b4","2023-03-29T15:18:47.888Z","5ea00a03e32996000ac2da80"
"642456dbf1ea98466bcab520","2023-03-29T15:18:51.746Z","5efcb50255a06b097b8d5d29"
"642456e2f1ea98466bcab523","2023-03-29T15:18:58.155Z","5ed8f853923c0941e1238299"
"642456e7f1ea98466bcab526","2023-03-29T15:19:03.018Z","6162e7b2f85824ec6dfe349e"
"642456e7f1ea98466bcab527","2023-03-29T15:19:03.855Z","60fc12dc938ec5fd9284a25c"
"642456ebf1ea98466bcab528","2023-03-29T15:19:07.623Z","5c28d5a5664ccc000127bec8"
"642456fc20f7049a5a59a0bf","2023-03-29T15:19:24.015Z","5ea6b2af80c7fb036d9cc88b"
"642456fcf1ea98466bcab530","2023-03-29T15:19:24.156Z","61498e629580b6d5cc8f67f3"
"642456fcf1ea98466bcab531","2023-03-29T15:19:24.460Z","5d31c201c88f0e001a4c3cb3"
"6424570710c199041f3e02bd","2023-03-29T15:19:35.368Z","5d52e1bac569a50015352c06"
"6424570710c199041f3e02be","2023-03-29T15:19:35.739Z","5b79b92355860100014774f0"
"642457092f63da2abdc4a0f0","2023-03-29T15:19:37.234Z","5a6cfbea3fb6420001c311a7"
"6424570910c199041f3e02c0","2023-03-29T15:19:37.997Z","5b6476ab080ab7000130ff7a"
"6424570d10c199041f3e02c1","2023-03-29T15:19:41.596Z","5c42c4b05aca820001f71477"
"6424571210c199041f3e02c2","2023-03-29T15:19:46.767Z","63d7d6bf5c5183a15ab3af86"
"64245715f1ea98466bcab53c","2023-03-29T15:19:49.981Z","63cf1704bdcb91e916a5581e"
"6424571910c199041f3e02c5","2023-03-29T15:19:53.358Z","637e91cc3a4f4594059179af"
"6424571bf1ea98466bcab53e","2023-03-29T15:19:55.231Z","5dcc7958dcc83f912f590fe4"
"6424571cf1ea98466bcab540","2023-03-29T15:19:56.598Z","5bc4c4933b998700018142cd"
"6424571cf1ea98466bcab541","2023-03-29T15:19:56.898Z","62b22fafe8226b590b87284e"
"6424571df1ea98466bcab542","2023-03-29T15:19:57.765Z","63c9b24eb3d73c56b44e3954"
"64245720f1ea98466bcab545","2023-03-29T15:20:00.025Z","542460e3fdf99b691e6ac927"
"64245720f1ea98466bcab546","2023-03-29T15:20:00.435Z","59bc49e93c45a10001ccc853"
"64245721f1ea98466bcab547","2023-03-29T15:20:01.354Z","5f415bea2ba0682e7fc98fbf"
"642457232f63da2abdc4a0f3","2023-03-29T15:20:03.018Z","5cb237be9d908d000120453a"
"642457262f63da2abdc4a0f4","2023-03-29T15:20:06.666Z","5baa3265c0a8c000014bea73"
"642457282f63da2abdc4a0f5","2023-03-29T15:20:08.284Z","611babe081137b57fb423693"
"6424572cf1ea98466bcab549","2023-03-29T15:20:12.273Z","62b08e8cb568eda1d84aac4c"
"6424572cf1ea98466bcab54a","2023-03-29T15:20:12.839Z","6124112341a3ec8fdf0f4886"
"6424572d2f63da2abdc4a0f7","2023-03-29T15:20:13.265Z","5e831b91eabed90303be5cae"
"6424572e2f63da2abdc4a0f8","2023-03-29T15:20:14.980Z","63d14a51d6878f5d4821cc2f"
"6424572f2f63da2abdc4a0f9","2023-03-29T15:20:15.824Z","62da6435cd756fcdd166ba69"
"6424573220f7049a5a59a0c3","2023-03-29T15:20:18.637Z","5a5e03dd8e62590001762542"
"6424573410c199041f3e02d7","2023-03-29T15:20:20.550Z","6154c2f53395f4d262b70fad"
"6424573510c199041f3e02d8","2023-03-29T15:20:21.570Z","5f8ece6117db5206eafc8b73"
"6424573a10c199041f3e02db","2023-03-29T15:20:26.021Z","5872a842db3e720001e231a5"
"6424573a10c199041f3e02dc","2023-03-29T15:20:26.480Z","63800fe1094fbe55eb2b2a35"
"6424573d10c199041f3e02de","2023-03-29T15:20:29.604Z","5fb6e9e9421e33117c3eafb2"
"6424573f20f7049a5a59a0c7","2023-03-29T15:20:31.874Z","6127072ecbce58c5df452c58"
"6424574020f7049a5a59a0c8","2023-03-29T15:20:32.209Z","5c62980ca135520001959a9a"
"6424574310c199041f3e02e1","2023-03-29T15:20:35.790Z","6109538891589557506501b2"
"6424574710c199041f3e02e5","2023-03-29T15:20:39.638Z","5f3bccb10da2a70993ec38f2"
"6424574c10c199041f3e02ea","2023-03-29T15:20:44.229Z","63d3f3679cadea9061e343a1"
"6424574c10c199041f3e02eb","2023-03-29T15:20:44.625Z","5b0d39f4641b1200010ef716"
"6424574e10c199041f3e02ec","2023-03-29T15:20:46.491Z","59532996d5822e000125a73b"
"64245751f1ea98466bcab54d","2023-03-29T15:20:49.964Z","616deadcefd7197b84ab677c"
"64245752f1ea98466bcab54f","2023-03-29T15:20:50.984Z","63d7b2507f10973b415937ae"
"642457562f63da2abdc4a101","2023-03-29T15:20:54.091Z","6318acc6273e916b39a95a85"
"642457572f63da2abdc4a102","2023-03-29T15:20:55.748Z","5a9d6bc1f6dfdd0001eaa7d4"
"6424575d2f63da2abdc4a105","2023-03-29T15:21:01.174Z","62c913176b9833198124b634"
"642457632f63da2abdc4a109","2023-03-29T15:21:07.090Z","62c493628db4aae8983533eb"
"642457652f63da2abdc4a10a","2023-03-29T15:21:09.366Z","63dacd0c56169ef0c332c1c5"
"6424576710c199041f3e02f7","2023-03-29T15:21:11.370Z","62fb8ef806ee6962abefc45e"
"6424576f20f7049a5a59a0d2","2023-03-29T15:21:19.374Z","60dddb1b0ac9d871e7352b58"
"6424577020f7049a5a59a0d3","2023-03-29T15:21:20.798Z","5d72f471515c8b0001ed07fc"
"642457732f63da2abdc4a10e","2023-03-29T15:21:23.528Z","6102cdd4ef453fce3101e8cc"
"642457742f63da2abdc4a10f","2023-03-29T15:21:24.089Z","5ed7d4019c64e70c16dc327a"
"6424577520f7049a5a59a0d6","2023-03-29T15:21:25.767Z","5fa479d9ee8fd60fc0cfa99f"
"6424577620f7049a5a59a0d7","2023-03-29T15:21:26.272Z","6149eeb19babb35314bf159c"
"6424577f2f63da2abdc4a115","2023-03-29T15:21:35.381Z","5e8564ad2c33ae156b696c95"
"642457802f63da2abdc4a117","2023-03-29T15:21:36.956Z","5e380c8807c4620121ee45c0"
"64245782f1ea98466bcab555","2023-03-29T15:21:38.708Z","5d67b1be141a00001627f8bf"
"6424578510c199041f3e0309","2023-03-29T15:21:41.124Z","5f5e8671f233b4746ed1df46"
"642457862f63da2abdc4a11a","2023-03-29T15:21:42.066Z","60c20abfdccab926283d8f7f"
"642457862f63da2abdc4a11b","2023-03-29T15:21:42.823Z","5c05b9086c5dfd00018eafa1"
"6424578910c199041f3e030b","2023-03-29T15:21:45.049Z","5b4dac264bcb5a0001d7d57c"
"6424578a2f63da2abdc4a11f","2023-03-29T15:21:46.937Z","611c0958e3975a30a658a3fe"
"6424578b10c199041f3e030d","2023-03-29T15:21:47.560Z","5731d31a5b8b0600097cc166"
"6424578e2f63da2abdc4a121","2023-03-29T15:21:50.944Z","6404b4a509131fa902602eb9"
"642457912f63da2abdc4a123","2023-03-29T15:21:53.576Z","5d1ccf2f78c55e00011e6da3"
"6424579210c199041f3e0311","2023-03-29T15:21:54.271Z","60ee1a79c8c9defb9884a16a"
"64245792f1ea98466bcab558","2023-03-29T15:21:54.419Z","5fd126635bdf8f092278bdcf"
"64245792f1ea98466bcab559","2023-03-29T15:21:54.783Z","606c6f5f970169913a3bfae2"
"64245794f1ea98466bcab55b","2023-03-29T15:21:56.169Z","5e63cacbe43f28152567f42b"
"642457982f63da2abdc4a128","2023-03-29T15:22:00.484Z","5ec310cde88df1155e32bba6"
"6424579af1ea98466bcab562","2023-03-29T15:22:02.353Z","62a77f393e5568892afe4dd2"
"6424579b2f63da2abdc4a12a","2023-03-29T15:22:03.831Z","5bd0a57f446a8e0001204390"
"642457a0f1ea98466bcab569","2023-03-29T15:22:08.231Z","62cc24da286426d78080aa32"
"642457a92f63da2abdc4a136","2023-03-29T15:22:17.001Z","6138e9d4aa1428328bee7cf3"
"642457ae2f63da2abdc4a13a","2023-03-29T15:22:22.309Z","5eca7a483cd05100084ef351"
"642457b3f1ea98466bcab571","2023-03-29T15:22:27.230Z","5a9ca92b6219a30001f5351e"
"642457b62f63da2abdc4a13f","2023-03-29T15:22:30.440Z","5c28ecc11c8e4c0001b2ef31"
"642457bcf1ea98466bcab574","2023-03-29T15:22:36.717Z","608094b5178f7e1caec2d24a"
"642457bdf1ea98466bcab575","2023-03-29T15:22:37.730Z","614b3ec34d93be8b23257fca"
"642457bef1ea98466bcab578","2023-03-29T15:22:38.876Z","5ec637f5e0bca2000ae6f211"
"642457c2f1ea98466bcab579","2023-03-29T15:22:42.015Z","60916367cd8a527daf10c690"
"642457d0f1ea98466bcab584","2023-03-29T15:22:56.282Z","5ca85c305a0bd300166fd9a5"
"642457d5f1ea98466bcab588","2023-03-29T15:23:01.736Z","5e9b05adc6ea2c0009bab1e0"
"642457dbf1ea98466bcab58a","2023-03-29T15:23:07.713Z","57acee52bfa77b0001bf31d4"
"642457ddf1ea98466bcab58d","2023-03-29T15:23:09.885Z","6126283722c87c2d9e10f679"
"642457e2f1ea98466bcab590","2023-03-29T15:23:14.393Z","5ba429d68b201600012f6d27"
"642457ea2f63da2abdc4a155","2023-03-29T15:23:22.402Z","5947aea4f236120001ecf9f1"
"642457ed2f63da2abdc4a156","2023-03-29T15:23:25.276Z","5e7de19084be86013c19c6c9"
"642457ef2f63da2abdc4a157","2023-03-29T15:23:27.591Z","5f5174760868af3ce9a5d9f7"
"642457f820f7049a5a59a0e4","2023-03-29T15:23:36.632Z","5d78188218758900180605a5"
"642457fa20f7049a5a59a0e5","2023-03-29T15:23:38.666Z","575eab31862b0f0006cd7dec"
"642457fb20f7049a5a59a0e6","2023-03-29T15:23:39.117Z","5b4dfe26116e9c00011e38c8"
"642457fff1ea98466bcab596","2023-03-29T15:23:43.840Z","63ed19dae02947b6b9c3f7f7"
"64245802f1ea98466bcab597","2023-03-29T15:23:46.698Z","5eeddefa177a7322144cbc5e"
"64245803f1ea98466bcab598","2023-03-29T15:23:47.816Z","62e95a65f4c20b59d7992ab6"
"642458052f63da2abdc4a15d","2023-03-29T15:23:49.677Z","5b494218ff7497000125219a"
"642458082f63da2abdc4a15e","2023-03-29T15:23:52.028Z","637e52c1a77f02d208bdc99a"
"6424580b2f63da2abdc4a15f","2023-03-29T15:23:55.270Z","5967bcdc1a89a8000160596e"
"6424580d20f7049a5a59a0e9","2023-03-29T15:23:57.344Z","5f6660dbdd831c230e132024"
"6424580ff1ea98466bcab599","2023-03-29T15:23:59.095Z","5f47d8f1e974b12169221876"
"64245811f1ea98466bcab59b","2023-03-29T15:24:01.872Z","6122a449f3c5e1c72c0a7878"
"64245818f1ea98466bcab59c","2023-03-29T15:24:08.084Z","58555b1b669469000166320b"
"6424581810c199041f3e0318","2023-03-29T15:24:08.201Z","54847094fdf99b0379939c8e"
"6424581bf1ea98466bcab59e","2023-03-29T15:24:11.450Z","5ea03f29271c1b0124707b36"
"6424581c10c199041f3e031d","2023-03-29T15:24:12.995Z","587249a2e9cb31000195ed09"
"6424582010c199041f3e031e","2023-03-29T15:24:16.683Z","599e74eeb4e8c80001d1147e"
"64245823f1ea98466bcab5a2","2023-03-29T15:24:19.097Z","5ea01b4b2d7b4d0243d93f78"
"6424582310c199041f3e0320","2023-03-29T15:24:19.850Z","63b0c2dcc4f365c4f7e0bfb1"
"6424582bf1ea98466bcab5a6","2023-03-29T15:24:27.472Z","5aec7ef88db5b00001ada1b9"
"6424582b28c4d08a819e1899","2023-03-29T15:24:27.676Z","5ee3e4110f27710c4dac8a3a"
"6424582b2f63da2abdc4a169","2023-03-29T15:24:27.847Z","599bb8b9a7b24000015237f6"
"642458302f63da2abdc4a16c","2023-03-29T15:24:32.594Z","63d79c350c185ab8036d2a68"
"642458312f63da2abdc4a16d","2023-03-29T15:24:33.562Z","5d0ca909a37d8b0018913ca4"
"64245831f1ea98466bcab5ad","2023-03-29T15:24:33.609Z","60860909dc3bd4f7efeaef14"
"6424583128c4d08a819e189a","2023-03-29T15:24:33.709Z","63c9228431382693b06fdc4a"
"64245837f1ea98466bcab5ae","2023-03-29T15:24:39.262Z","6322fc02228928339ec5ca00"
"6424583f28c4d08a819e18a1","2023-03-29T15:24:47.593Z","59a817a969b7e70001fe5d38"
"6424584020f7049a5a59a0f7","2023-03-29T15:24:48.091Z","613231c7b264c7a16314d253"
"6424584528c4d08a819e18a4","2023-03-29T15:24:53.469Z","5dc2ef762bdeaa2048421817"
"6424584920f7049a5a59a0fa","2023-03-29T15:24:57.623Z","62dba63c6e7bd6308f5a7a13"
"6424584ef1ea98466bcab5b3","2023-03-29T15:25:02.460Z","5b731044b9daa700013fb269"
"6424584ef1ea98466bcab5b4","2023-03-29T15:25:02.779Z","630389e7772b100ba592cdee"
"6424585028c4d08a819e18aa","2023-03-29T15:25:04.942Z","5bb6612a4b2c3a0001675bf6"
"6424585120f7049a5a59a0fc","2023-03-29T15:25:05.028Z","59e1e960d838ae00018507e3"
"6424585128c4d08a819e18ac","2023-03-29T15:25:05.598Z","63ea41656024ddbfb7a7773f"
"6424585228c4d08a819e18ad","2023-03-29T15:25:06.707Z","5eea9efc609f0d1ad38199bd"
"6424585420f7049a5a59a0fd","2023-03-29T15:25:08.288Z","5c3e3905c061930001b5e89d"
"64245857f1ea98466bcab5ba","2023-03-29T15:25:11.328Z","6307e58306806ab411b2f317"
"6424585bf1ea98466bcab5bc","2023-03-29T15:25:15.429Z","5d264788d8c0080001ff782e"
"6424585c20f7049a5a59a102","2023-03-29T15:25:16.546Z","5dcc114dca10638a72ddc7fd"
"6424585c2f63da2abdc4a170","2023-03-29T15:25:16.634Z","5e580bcf4782bd01723249e2"
"6424585c28c4d08a819e18b0","2023-03-29T15:25:16.673Z","5dc86f7c41ba725e863efae5"
"6424585c20f7049a5a59a103","2023-03-29T15:25:16.910Z","63658b4da2cc06a1cf53887c"
"642458602f63da2abdc4a172","2023-03-29T15:25:20.944Z","63653e01ddf82020882a66ba"
"642458622f63da2abdc4a174","2023-03-29T15:25:22.436Z","62ad9574778df45973491084"
"642458632f63da2abdc4a176","2023-03-29T15:25:23.138Z","5ea168fcfe333e0008434179"
"642458642f63da2abdc4a177","2023-03-29T15:25:24.160Z","6124f4b53d3ff0a9f64bb647"
"64245866f1ea98466bcab5c0","2023-03-29T15:25:26.302Z","55b0d269fdf99b2116e40f1c"
"6424586720f7049a5a59a104","2023-03-29T15:25:27.040Z","575d08ef85d90500061ef59b"
"6424586f28c4d08a819e18bb","2023-03-29T15:25:35.295Z","614cee8623e5882896e598e2"
"6424586f2f63da2abdc4a17b","2023-03-29T15:25:35.460Z","63d13d25db60097f680bc23e"
"6424586f20f7049a5a59a105","2023-03-29T15:25:35.551Z","5e1ae38b2d11243260af4066"
"6424586f20f7049a5a59a106","2023-03-29T15:25:35.895Z","5d7824b816dea6000130d65f"
"642458712f63da2abdc4a17c","2023-03-29T15:25:37.640Z","63d005e38ccccb84f2c1d04c"
"642458722f63da2abdc4a17d","2023-03-29T15:25:38.710Z","63e51de484772277000f1b66"
"64245873f1ea98466bcab5c1","2023-03-29T15:25:39.427Z","5f68c02bfe85b202e0f00cc7"
"64245873f1ea98466bcab5c2","2023-03-29T15:25:39.824Z","60e5b6dd6e9667b3909b33a4"
"642458745d47dbfaf1a71cd5","2023-03-29T15:25:40.331Z","5a47f4a6daea400001ac358b"
"642458742f63da2abdc4a17e","2023-03-29T15:25:40.636Z","6163d1b02e574c402a1fd0f9"
"64245875f1ea98466bcab5c3","2023-03-29T15:25:41.275Z","5ce1a6648e3cae0001b853be"
"6424587b5d47dbfaf1a71cdb","2023-03-29T15:25:47.200Z","5fefa037c9707d2dde068a38"
"6424587b28c4d08a819e18c3","2023-03-29T15:25:47.868Z","5cffb12df6c3fb00157b2f39"
"6424587c28c4d08a819e18c4","2023-03-29T15:25:48.593Z","5cc88c623ad175001a417ad0"
"6424587ff1ea98466bcab5c6","2023-03-29T15:25:51.168Z","601e690acaa62b2bd8d25d52"
"6424587f2f63da2abdc4a17f","2023-03-29T15:25:51.208Z","63d7bd0d28214117756bc8c6"
"642458842f63da2abdc4a183","2023-03-29T15:25:56.288Z","5ea00e67848a4300085fa5cd"
"642458842f63da2abdc4a184","2023-03-29T15:25:56.908Z","5f734ab7a0857803755e97b3"
"6424588728c4d08a819e18c9","2023-03-29T15:25:59.378Z","5ce55919c225620017cadd99"
"642458892f63da2abdc4a186","2023-03-29T15:26:01.111Z","632892646eb1fff474584dd7"
"6424588c2f63da2abdc4a189","2023-03-29T15:26:04.060Z","5ea0516dee594a000932857a"
"6424588d20f7049a5a59a108","2023-03-29T15:26:05.835Z","5a5c871aac5624000153f89e"
"6424589420f7049a5a59a10e","2023-03-29T15:26:12.119Z","602ac80c6cf22516282a7fd3"
"642458982f63da2abdc4a190","2023-03-29T15:26:16.514Z","5ea1e407df1e160c7db497c7"
"6424589a2f63da2abdc4a191","2023-03-29T15:26:18.810Z","5ea98f1e083ea5095e1e3058"
"6424589ef1ea98466bcab5d1","2023-03-29T15:26:22.766Z","56153d5e7ffc8a000a811ba8"
"642458a020f7049a5a59a111","2023-03-29T15:26:24.858Z","5a4d194c87c6f8000137d680"
"642458a35d47dbfaf1a71ce5","2023-03-29T15:26:27.415Z","5f689679cc2af84fa2c57263"
"642458a55d47dbfaf1a71ce6","2023-03-29T15:26:29.526Z","63e6486d66673348b5496352"
"642458a85d47dbfaf1a71ce7","2023-03-29T15:26:32.305Z","5f53b73f18bf9a6ed513ca61"
"642458aaf1ea98466bcab5d3","2023-03-29T15:26:34.659Z","58174d95a22f0f0001a3f0be"
"642458ab5d47dbfaf1a71ce9","2023-03-29T15:26:35.441Z","5c67d3988555e400015c7f56"
"642458ab5d47dbfaf1a71cea","2023-03-29T15:26:35.768Z","5f493fea06249046a8db8569"
"642458ad2f63da2abdc4a195","2023-03-29T15:26:37.898Z","5efec43017f2363e1bf47368"
"642458ae2f63da2abdc4a196","2023-03-29T15:26:38.931Z","59a325d98d2b1600011b3f96"
"642458b12f63da2abdc4a199","2023-03-29T15:26:41.119Z","630695450f08ec421bd02d1f"
"642458b12f63da2abdc4a19a","2023-03-29T15:26:41.558Z","63d7e4d53ca42a5bde7bf7cb"
"642458b5f1ea98466bcab5dc","2023-03-29T15:26:45.496Z","5bb535574cb73b00011437d0"
"642458b52f63da2abdc4a19b","2023-03-29T15:26:45.525Z","622a006bea58be8f65d1041c"
"642458bb2f63da2abdc4a19e","2023-03-29T15:26:51.272Z","5b1ceecd2767e20001e51eaa"
"642458bbf1ea98466bcab5de","2023-03-29T15:26:51.559Z","56fc108ff37e08000cbea340"
"642458bc2f63da2abdc4a19f","2023-03-29T15:26:52.219Z","598783dc23640f00010e593e"
"642458bf20f7049a5a59a119","2023-03-29T15:26:55.016Z","63d172d684a6c21b46fa7fda"
"642458c120f7049a5a59a11c","2023-03-29T15:26:57.025Z","5c253dc4191c0c0001e7e063"
"642458c15d47dbfaf1a71cf4","2023-03-29T15:26:57.121Z","5fbe857956e90a03bbaec1c9"
"642458c1f1ea98466bcab5e0","2023-03-29T15:26:57.125Z","634d7bba21c8068195b53016"
"642458c120f7049a5a59a11d","2023-03-29T15:26:57.898Z","60fd1fbdff2ab59e423a462a"
"642458c320f7049a5a59a11f","2023-03-29T15:26:59.685Z","59d3bc2147f4e80001a6c559"
"642458c35d47dbfaf1a71cf6","2023-03-29T15:26:59.919Z","568b76fa39a70e000c57b07a"
"642458c420f7049a5a59a120","2023-03-29T15:27:00.119Z","594e2ffc27f8fb000162078b"
"642458c620f7049a5a59a121","2023-03-29T15:27:02.735Z","5f549c619d2d4c808c789226"
"642458cb20f7049a5a59a124","2023-03-29T15:27:07.165Z","63de43b08a408605eced4803"
"642458cb28c4d08a819e18d0","2023-03-29T15:27:07.859Z","5ceef64577a506001714c032"
"642458cd28c4d08a819e18d2","2023-03-29T15:27:09.346Z","5739f0a514f69e000d7c8f1a"
"642458cd2f63da2abdc4a1a9","2023-03-29T15:27:09.613Z","61486ce7072344584dc1eb34"
"642458cf28c4d08a819e18d3","2023-03-29T15:27:11.190Z","5b550c6e303c330001660747"
"642458d028c4d08a819e18d4","2023-03-29T15:27:12.451Z","56855625333cbd000c4e4a9f"
"642458d028c4d08a819e18d5","2023-03-29T15:27:12.872Z","62ebdec52d1d02eb574af604"
"642458d328c4d08a819e18d6","2023-03-29T15:27:15.683Z","5ea0a489191c800973fc65f4"
"642458d55d47dbfaf1a71cfd","2023-03-29T15:27:17.586Z","5cdd0f7d9f75db0001411725"
"642458d7f1ea98466bcab5e8","2023-03-29T15:27:19.483Z","5791dae225cb71000128ad5b"
"642458dcf1ea98466bcab5ec","2023-03-29T15:27:24.684Z","578ce1bdc9abeb0001af3163"
"642458de28c4d08a819e18d8","2023-03-29T15:27:26.558Z","62ff6e025f453fc70438cb58"
"642458de5d47dbfaf1a71d02","2023-03-29T15:27:26.822Z","611a435c3f45b6c288196363"
"642458e02f63da2abdc4a1ad","2023-03-29T15:27:28.501Z","6065ebf37208ee2d369cc67d"
"642458e228c4d08a819e18db","2023-03-29T15:27:30.595Z","6143fae5439711464095a9aa"
"642458e32f63da2abdc4a1af","2023-03-29T15:27:31.356Z","5adc95a1066c510001d410d7"
"642458e628c4d08a819e18de","2023-03-29T15:27:34.776Z","6352d114f4a55479a4c9bd8b"
"642458e828c4d08a819e18df","2023-03-29T15:27:36.789Z","5e67d165cbb37e037909c20f"
"642458ea28c4d08a819e18e0","2023-03-29T15:27:38.334Z","5fb29577ca2ab98b170f5299"
"642458ecf1ea98466bcab5f8","2023-03-29T15:27:40.219Z","5f316eef21591a012b2f07a9"
"642458f328c4d08a819e18e5","2023-03-29T15:27:47.523Z","599577769845ef00014de2b3"
"642458f92f63da2abdc4a1b6","2023-03-29T15:27:53.972Z","5af2f9d5dd84460001c1dd2a"
"642458fb2f63da2abdc4a1b8","2023-03-29T15:27:55.677Z","5f5dfa6a024fc30364efa540"
"642458fb28c4d08a819e18ec","2023-03-29T15:27:55.929Z","5eb1237c0abd5e1eac8c52e9"
"642458fd2f63da2abdc4a1b9","2023-03-29T15:27:57.006Z","5d5bf94236ec0900194080c7"
"642459005d47dbfaf1a71d0f","2023-03-29T15:28:00.268Z","5b757c58a63d84000174d8da"
"642459015d47dbfaf1a71d11","2023-03-29T15:28:01.270Z","5b9110223366db0001157e7d"
"642459055d47dbfaf1a71d14","2023-03-29T15:28:05.662Z","62a7475265c50a65c524adb0"
"6424590a5d47dbfaf1a71d1a","2023-03-29T15:28:10.415Z","5e8dc6bc28369e029ed35df8"
"6424590c28c4d08a819e18f1","2023-03-29T15:28:12.435Z","5a1bee01a383a100011b6274"
"6424590d28c4d08a819e18f3","2023-03-29T15:28:13.401Z","5f622fbe1fbbd21051cb28b3"
"6424590d5d47dbfaf1a71d1d","2023-03-29T15:28:13.696Z","62e3ff70c659e13e1ddf3048"
"6424591320f7049a5a59a128","2023-03-29T15:28:19.849Z","5ef52a87f04c781600ae4114"
"6424591520f7049a5a59a129","2023-03-29T15:28:21.032Z","61202fedf94fc3ac487980af"
"642459182f63da2abdc4a1c0","2023-03-29T15:28:24.321Z","5d5b063e4c0011001904de43"
"642459185d47dbfaf1a71d22","2023-03-29T15:28:24.457Z","62976192ba091cafd786e73a"
"642459182f63da2abdc4a1c1","2023-03-29T15:28:24.765Z","62aafc158158c81d6683707e"
"6424591c5d47dbfaf1a71d26","2023-03-29T15:28:28.208Z","57fb71185babd2000141049a"
"6424591e5d47dbfaf1a71d28","2023-03-29T15:28:30.361Z","5f7b3e3d831aa60b4c16d6d7"
"6424591e20f7049a5a59a12c","2023-03-29T15:28:30.803Z","63d50d6a68d2e69f37d6c969"
"6424591ef1ea98466bcab601","2023-03-29T15:28:30.950Z","58c6984e93dac30001d49d33"
"6424591f20f7049a5a59a12d","2023-03-29T15:28:31.123Z","5db03383d00dbb001619b598"
"642459215d47dbfaf1a71d2a","2023-03-29T15:28:33.516Z","60b0fad63abc246a50e5b778"
"642459255d47dbfaf1a71d2e","2023-03-29T15:28:37.486Z","63ffa57310e50bde36237ecf"
"642459265d47dbfaf1a71d30","2023-03-29T15:28:38.227Z","62a8b95af298e3ab69312a78"
"642459285d47dbfaf1a71d32","2023-03-29T15:28:40.654Z","6271473405410b043e74e24d"
"64245928d1669f500a2dace9","2023-03-29T15:28:40.697Z","59e7c8eabbb1380001621d28"
"64245929f1ea98466bcab606","2023-03-29T15:28:41.465Z","62fb799a1c4f89a6e290a117"
"64245929e39f7b05b626a360","2023-03-29T15:28:41.628Z","5e3b0defeab8663234a735c0"
"6424592af1ea98466bcab608","2023-03-29T15:28:42.322Z","6286e2d9349eddbf116aa8db"
"6424592ae39f7b05b626a361","2023-03-29T15:28:42.455Z","5e8605568be6ea1ffc220617"
"6424592af1ea98466bcab609","2023-03-29T15:28:42.611Z","5ec152936af680420e2f7084"
"6424592bd1669f500a2dacea","2023-03-29T15:28:43.464Z","5999b8c16c165e000113fb59"
"6424592c5d47dbfaf1a71d35","2023-03-29T15:28:44.269Z","5c352f5629a7ee0001c19558"
"6424592c5d47dbfaf1a71d36","2023-03-29T15:28:44.769Z","63de656828b28434f3ed4808"
"6424592df1ea98466bcab60b","2023-03-29T15:28:45.942Z","5df0c64767a23610ed01d9c7"
"64245931f1ea98466bcab60e","2023-03-29T15:28:49.573Z","5831a5d477c30e0001e7ff57"
"64245932f1ea98466bcab60f","2023-03-29T15:28:50.173Z","5a85b865eea3d300016e6e0f"
"64245933f1ea98466bcab610","2023-03-29T15:28:51.183Z","62d13535355730e56a672306"
"642459335d47dbfaf1a71d3b","2023-03-29T15:28:51.361Z","5cdf33619e96db0015aec6a6"
"64245933d1669f500a2dacef","2023-03-29T15:28:51.630Z","5cab22cd68194f001511b2d6"
"64245934e39f7b05b626a362","2023-03-29T15:28:52.444Z","5db31089a1f8d3000c10a6c5"
"64245935e39f7b05b626a363","2023-03-29T15:28:53.285Z","5d4917a1fda8e3001ba56d8d"
"642459375d47dbfaf1a71d3d","2023-03-29T15:28:55.515Z","62e291e6b76e15b147084384"
"6424593ce39f7b05b626a369","2023-03-29T15:29:00.456Z","5de78a8e36d8257071f28d9f"
"6424593cf1ea98466bcab615","2023-03-29T15:29:00.552Z","5c980d0ecff9b20016cae76f"
"64245941e39f7b05b626a36e","2023-03-29T15:29:05.990Z","5ea047d315537303f1e60ef9"
"64245943d1669f500a2dacfd","2023-03-29T15:29:07.310Z","63038eadfb55ad8d709c37a3"
"64245943e39f7b05b626a370","2023-03-29T15:29:07.852Z","5ede945a2ec638128e356eac"
"64245946f1ea98466bcab61c","2023-03-29T15:29:10.324Z","5ba2a1c8c96df90001ce9159"
"64245947e39f7b05b626a371","2023-03-29T15:29:11.141Z","5e95d0925f33bb028f4cd6e5"
"64245947e39f7b05b626a372","2023-03-29T15:29:11.479Z","5f2b0e89e14ce74c4366a7dc"
"642459495d47dbfaf1a71d3f","2023-03-29T15:29:13.109Z","5abb8dcb7ccedb0001b7f0d7"
"64245949d1669f500a2dacfe","2023-03-29T15:29:13.200Z","62a4d721a9d118a25be1ed3f"
"6424594c2f63da2abdc4a1cb","2023-03-29T15:29:16.887Z","60f66b38400931540fac7952"
"6424594df1ea98466bcab620","2023-03-29T15:29:17.265Z","59d2205f23b3e500018f5264"
"6424594f5d47dbfaf1a71d43","2023-03-29T15:29:19.467Z","62a33935e9d8352a774c285b"
"6424594ff1ea98466bcab621","2023-03-29T15:29:19.746Z","5‌173‌612‌012‌0"
"64245952f1ea98466bcab622","2023-03-29T15:29:22.630Z","6083e4575dc56d8ed869d70f"
"64245953f1ea98466bcab624","2023-03-29T15:29:23.445Z","63e6434a1a99ef9a652b1ffa"
"64245954e39f7b05b626a375","2023-03-29T15:29:24.415Z","5cc5b34662c5050017348192"
"64245954f1ea98466bcab625","2023-03-29T15:29:24.615Z","56e87c23eefcff000596f0c1"
"64245955f1ea98466bcab626","2023-03-29T15:29:25.802Z","5c5f29a78da44c00015c7d5c"
"6424595b5d47dbfaf1a71d49","2023-03-29T15:29:31.937Z","5f10da001b822c2988fbdb89"
"64245961e39f7b05b626a383","2023-03-29T15:29:37.153Z","5dabc4c317ce000014de326e"
"64245961f1ea98466bcab62e","2023-03-29T15:29:37.762Z","63d7c18d5c07997a9e3b000f"
"64245962e39f7b05b626a384","2023-03-29T15:29:38.558Z","6229ddc0d36899b7962b6cb9"
"64245963d1669f500a2dad05","2023-03-29T15:29:39.178Z","5d5409043772580018fd0d43"
"64245966d1669f500a2dad0a","2023-03-29T15:29:42.808Z","64137637072cad5ece2ec192"
"64245966e39f7b05b626a388","2023-03-29T15:29:42.938Z","63d26a33e3f6b9bf0be13ccc"
"64245967d1669f500a2dad0b","2023-03-29T15:29:43.552Z","637f61f07d43cd7252233f7a"
"6424596bd1669f500a2dad0e","2023-03-29T15:29:47.432Z","5de803ec45971077fcc114bc"
"6424596df1ea98466bcab634","2023-03-29T15:29:49.998Z","5b46203aef90180001099394"
"6424596e5d47dbfaf1a71d4a","2023-03-29T15:29:50.156Z","5f7d89e68e20522626a6e862"
"6424596e20f7049a5a59a12e","2023-03-29T15:29:50.224Z","5e2c8f69cad44b2bc5ce9a34"
"6424596e2f63da2abdc4a1d8","2023-03-29T15:29:50.114Z","5f37bc8fed147802129aceee"
"6424596ed1669f500a2dad10","2023-03-29T15:29:50.823Z","5ef512f59a0686144b8e6263"
"642459705d47dbfaf1a71d4e","2023-03-29T15:29:52.937Z","5f3598f48853aa595c6733e2"
"64245971e39f7b05b626a38b","2023-03-29T15:29:53.781Z","5c8c22bafeeaeb0016207a00"
"64245972f1ea98466bcab637","2023-03-29T15:29:54.859Z","6268268eeab197bd3317ed5b"
"642459732f63da2abdc4a1da","2023-03-29T15:29:55.900Z","6156fe57a77ed18bda735726"
"642459772f63da2abdc4a1dd","2023-03-29T15:29:59.486Z","611d3570f180b1adea26816b"
"642459775d47dbfaf1a71d53","2023-03-29T15:29:59.605Z","5b97dba2813d530001c326ee"
"6424597b2f63da2abdc4a1e1","2023-03-29T15:30:03.023Z","590b3401182caf0001ab5801"
"6424597cf1ea98466bcab640","2023-03-29T15:30:04.575Z","60d2c59451b12e36fb281477"
"6424597d2f63da2abdc4a1e4","2023-03-29T15:30:05.941Z","5acdd647e9d7a30001c2cf21"
"6424598620f7049a5a59a130","2023-03-29T15:30:14.332Z","5850684e0d6f820001b90533"
"6424598820f7049a5a59a132","2023-03-29T15:30:16.630Z","634d8651e672e5dc3416acd6"
"642459882f63da2abdc4a1ec","2023-03-29T15:30:16.997Z","5b618aef12bf660001275c5d"
"6424598ee39f7b05b626a394","2023-03-29T15:30:22.660Z","6266abdbf94ff48cbab18aa0"
"6424598fe39f7b05b626a395","2023-03-29T15:30:23.098Z","62b211386339b44dbe65bb39"
"6424598ff1ea98466bcab64f","2023-03-29T15:30:23.525Z","613a1c7fcedd04fe7e991363"
"6424598fe39f7b05b626a396","2023-03-29T15:30:23.893Z","5a65fce6b9e3b50001a71266"
"642459902f63da2abdc4a1ef","2023-03-29T15:30:24.108Z","57754d57ca706f000190eaf1"
"64245990e39f7b05b626a397","2023-03-29T15:30:24.639Z","60ddcc052137212419247c3c"
"64245991e39f7b05b626a398","2023-03-29T15:30:25.041Z","5ef7833b93b67f096e7b2548"
"64245991e39f7b05b626a399","2023-03-29T15:30:25.640Z","5f384f00a1276934daedf319"
"64245994e39f7b05b626a39c","2023-03-29T15:30:28.741Z","5d7e8ddd4a8468000138c24e"
"64245995e39f7b05b626a39d","2023-03-29T15:30:29.733Z","63468af37b3dfa433e101723"
"6424599ae39f7b05b626a39f","2023-03-29T15:30:34.053Z","5c44dcb46b27970001e395ef"
"6424599ad1669f500a2dad11","2023-03-29T15:30:34.586Z","606dc9d8b666d8ce1dc6167b"
"6424599b5d47dbfaf1a71d69","2023-03-29T15:30:35.203Z","5efcdcfeaead790f210c3181"
"6424599cf1ea98466bcab652","2023-03-29T15:30:36.545Z","5f2fc4d70200693ce9315c91"
"6424599cf1ea98466bcab653","2023-03-29T15:30:36.898Z","63e142e0eabc3cf87c1a416c"
"642459a05d47dbfaf1a71d6c","2023-03-29T15:30:40.352Z","60e381f61a125d42ab3c51cd"
"642459a12f63da2abdc4a200","2023-03-29T15:30:41.933Z","631772a21801f95e886518f4"
"642459a72f63da2abdc4a207","2023-03-29T15:30:47.394Z","60e3323fc99408789b40cf06"
"642459a75d47dbfaf1a71d74","2023-03-29T15:30:47.890Z","5c4f75f2c20836000169f742"
"642459a82f63da2abdc4a208","2023-03-29T15:30:48.976Z","60b229e58adc4fd4fb7e0158"
"642459aa5d47dbfaf1a71d76","2023-03-29T15:30:50.752Z","5c3d2c2f64293a000153824d"
"642459aaf1ea98466bcab656","2023-03-29T15:30:50.801Z","631f285b33cb5e6337e11e54"
"642459aa2f63da2abdc4a20a","2023-03-29T15:30:50.986Z","5afbf41dd1a03d0001aad64d"
"642459aed1669f500a2dad13","2023-03-29T15:30:54.981Z","5ba8c9ea168e5e0001e4ab6a"
"642459b12f63da2abdc4a211","2023-03-29T15:30:57.174Z","63ea54888357dbac0d225d76"
"642459b1d1669f500a2dad15","2023-03-29T15:30:57.439Z","5a799309f49c9a0001f31396"
"642459b2f1ea98466bcab657","2023-03-29T15:30:58.498Z","5bfd6f9d7f7968000187f356"
"642459b4f1ea98466bcab65a","2023-03-29T15:31:00.706Z","63bd81c925215d8a8fb141cd"
"642459b42f63da2abdc4a213","2023-03-29T15:31:00.990Z","5efb262d0aa24103410a97e2"
"642459b5d1669f500a2dad18","2023-03-29T15:31:01.190Z","5e68d2b5576136000ba058a2"
"642459b6e39f7b05b626a3a1","2023-03-29T15:31:02.008Z","60659fa1c158d333d9ec89b8"
"642459b65d47dbfaf1a71d7b","2023-03-29T15:31:02.738Z","5cb0cfc643e80b00010a384b"
"642459b85d47dbfaf1a71d7d","2023-03-29T15:31:04.421Z","5b9bd8b7cc5dd00001661939"
"642459b95d47dbfaf1a71d7e","2023-03-29T15:31:05.970Z","5be1c6db93cab6000123baf9"
"642459bc5d47dbfaf1a71d80","2023-03-29T15:31:08.671Z","59ae70ce1b7a550001d63af6"
"642459bce39f7b05b626a3a3","2023-03-29T15:31:08.737Z","63b6bda4781d2606cfdbae0d"
"642459bd5d47dbfaf1a71d81","2023-03-29T15:31:09.136Z","5bc9b73072cd020001acdaa9"
"642459bdd1669f500a2dad1e","2023-03-29T15:31:09.168Z","604e87121563314bf5754c46"
"642459bed1669f500a2dad20","2023-03-29T15:31:10.686Z","5965f557b9153e00016174d0"
"642459be5d47dbfaf1a71d82","2023-03-29T15:31:10.798Z","5ca73fcf7067e70001f7a41f"
"642459bf2f63da2abdc4a215","2023-03-29T15:31:11.620Z","5885129a6907b40001de425a"
"642459c0e39f7b05b626a3a6","2023-03-29T15:31:12.509Z","584d88ee6a3e990001bf1b67"
"642459c0e39f7b05b626a3a7","2023-03-29T15:31:12.980Z","63ceee2f330c2841b8c802b6"
"642459c15d47dbfaf1a71d85","2023-03-29T15:31:13.218Z","5e5291ff6c3d7d2a79ec869e"
"642459c45d47dbfaf1a71d88","2023-03-29T15:31:16.752Z","572f897aad13160009008979"
"642459c720f7049a5a59a13a","2023-03-29T15:31:19.159Z","5e2380c152e7a66358a276c5"
"642459c75d47dbfaf1a71d89","2023-03-29T15:31:19.861Z","6328c8fc2c3b92ddbfc8f15d"
"642459c8f1ea98466bcab663","2023-03-29T15:31:20.863Z","57a7337e913c710001977341"
"642459c920f7049a5a59a13c","2023-03-29T15:31:21.154Z","611e65b23e3b80805c8e144b"
"642459caf1ea98466bcab665","2023-03-29T15:31:22.910Z","5c1a862dc4004e0001f8020f"
"642459cbe39f7b05b626a3a8","2023-03-29T15:31:23.633Z","5974fb1b137d020001c5942e"
"642459cee39f7b05b626a3ab","2023-03-29T15:31:26.273Z","5e852ca6fdad8f11511558a1"
"642459d0f1ea98466bcab668","2023-03-29T15:31:28.167Z","62b5f3e16a7f9aef9ed922df"
"642459d2d1669f500a2dad29","2023-03-29T15:31:30.443Z","5c7e32d919b8d40016e6c7ef"
"642459d2d1669f500a2dad2a","2023-03-29T15:31:30.763Z","599da21f872eec00019569ff"
"642459d420f7049a5a59a13f","2023-03-29T15:31:32.011Z","57b715b842195e000159f82b"
"642459d62f63da2abdc4a216","2023-03-29T15:31:34.960Z","5e14c068ed1b3b000cf0e3c7"
"642459d6f1ea98466bcab66b","2023-03-29T15:31:34.908Z","5c9b98959810c000129abc75"
"642459d8e39f7b05b626a3b1","2023-03-29T15:31:36.032Z","62b60d23ea3a3c1289f14a7e"
"642459d9f1ea98466bcab66d","2023-03-29T15:31:37.949Z","5f4102e52cd459256b5014a9"
"642459daf1ea98466bcab66e","2023-03-29T15:31:38.797Z","603e16e786b21cde16b4543f"
"642459ddf1ea98466bcab66f","2023-03-29T15:31:41.201Z","5b1d5f63aaaa8500012562c9"
"642459def1ea98466bcab670","2023-03-29T15:31:42.749Z","62eaa4e41458a70edb931e52"
"642459e0f1ea98466bcab672","2023-03-29T15:31:44.727Z","6400d8a0345b918b87de05ad"
"642459e2e39f7b05b626a3b7","2023-03-29T15:31:46.107Z","5d2e0db5649703001a9c9028"
"642459e2f1ea98466bcab673","2023-03-29T15:31:46.270Z","5cadc3868ac2b70001db1ac6"
"642459e5e39f7b05b626a3ba","2023-03-29T15:31:49.515Z","629b3553f9621f7c65de7f5a"
"642459e6e39f7b05b626a3bc","2023-03-29T15:31:50.826Z","6170285eeb901b0a802a2361"
"642459e92f63da2abdc4a21e","2023-03-29T15:31:53.417Z","64105a7ebce10c37499c6f1d"
"642459e9e39f7b05b626a3bf","2023-03-29T15:31:53.908Z","5eba7de23468ad1cc5f33160"
"642459ead1669f500a2dad2c","2023-03-29T15:31:54.403Z","5e79e293be7ccf0009e6d202"
"642459ea28c4d08a819e18f9","2023-03-29T15:31:54.415Z","5f155b98b1393b000d6bf745"
"642459ee28c4d08a819e18fc","2023-03-29T15:31:58.015Z","630ec7fc39d0d4ef36dba564"
"642459ee5d47dbfaf1a71d98","2023-03-29T15:31:58.040Z","5e25d8927ea9c201db8a2fd9"
"642459f05d47dbfaf1a71d9b","2023-03-29T15:32:00.670Z","5edad9bc3e927a18f722474d"
"642459f228c4d08a819e18fe","2023-03-29T15:32:02.359Z","5ec98b433e44f00e8d187692"
"642459f428c4d08a819e1901","2023-03-29T15:32:04.722Z","60edb4bc87206e9977d8d57e"
"642459f55d47dbfaf1a71da1","2023-03-29T15:32:05.260Z","5f008359d27e1c01c7b6c603"
"642459f6d1669f500a2dad2d","2023-03-29T15:32:06.278Z","5c4cdcb14cb4630001ec4955"
"642459f828c4d08a819e1903","2023-03-29T15:32:08.738Z","5eea3abe701f9c083b4344d4"
"642459f9e39f7b05b626a3c7","2023-03-29T15:32:09.742Z","56a90c96119265000c6e134d"
"642459fb28c4d08a819e1906","2023-03-29T15:32:11.129Z","5ea16cb48366db01843ff38b"
"642459fc20f7049a5a59a14a","2023-03-29T15:32:12.088Z","59724cec2a5a780001dda979"
"642459fd5d47dbfaf1a71da5","2023-03-29T15:32:13.232Z","5ff3be63a35c0e53f18797bb"
"642459fdd1669f500a2dad2f","2023-03-29T15:32:13.511Z","5e78c0a426450503858d82c9"
"64245a00e39f7b05b626a3cb","2023-03-29T15:32:16.123Z","60fecfcc7acc06ed3c706ceb"
"64245a005d47dbfaf1a71da6","2023-03-29T15:32:16.781Z","5f88a0acf001bb06cdf50449"
"64245a03d1669f500a2dad34","2023-03-29T15:32:19.415Z","5ecc35b92004df431a4459e2"
"64245a035d47dbfaf1a71da9","2023-03-29T15:32:19.780Z","63f77af1dc674d2d42bb362d"
"64245a03e39f7b05b626a3ce","2023-03-29T15:32:19.921Z","5f92b0152a19e11eeb4a401c"
"64245a0828c4d08a819e190a","2023-03-29T15:32:24.272Z","5d7f5edd19788b00010d954c"
"64245a0a5d47dbfaf1a71dab","2023-03-29T15:32:26.453Z","5e3b3ece8a9a8d000d82e5d7"
"64245a0ad1669f500a2dad37","2023-03-29T15:32:26.576Z","6143dfe5993ba7d00b23d2c6"
"64245a0b5d47dbfaf1a71dad","2023-03-29T15:32:27.257Z","5c6e60b04e08ad00018cc995"
"64245a0e5d47dbfaf1a71db1","2023-03-29T15:32:30.777Z","5ea15f2e173fb7000932a6ff"
"64245a0fd1669f500a2dad38","2023-03-29T15:32:31.496Z","610b94e651ce8595d755f9dd"
"64245a10d1669f500a2dad39","2023-03-29T15:32:32.293Z","5cafc17ace1fa80017a20d6b"
"64245a135d47dbfaf1a71db4","2023-03-29T15:32:35.265Z","630382c1d9577402e38fd9f3"
"64245a13d1669f500a2dad3d","2023-03-29T15:32:35.405Z","600951c17fe1b33bea7d5e60"
"64245a17d1669f500a2dad40","2023-03-29T15:32:39.339Z","62b20463e7c388fc5510aa42"
"64245a1a28c4d08a819e1917","2023-03-29T15:32:42.568Z","6034137731d8c01a250da252"
"64245a1b20f7049a5a59a15a","2023-03-29T15:32:43.254Z","61bb36cf40db417c1a138920"
"64245a1b28c4d08a819e1919","2023-03-29T15:32:43.771Z","601d10cca1fb4b04cde830ea"
"64245a1e20f7049a5a59a15c","2023-03-29T15:32:46.094Z","63e830d4b01a246c722a5a5f"
"64245a22e39f7b05b626a3dc","2023-03-29T15:32:50.689Z","6019bf90350fae16d35d4119"
"64245a23e39f7b05b626a3dd","2023-03-29T15:32:51.305Z","5d1dddf22a76c70019a43cfc"
"64245a245d47dbfaf1a71dba","2023-03-29T15:32:52.647Z","5ea00c9769e0250009a479df"
"64245a26d1669f500a2dad4d","2023-03-29T15:32:54.760Z","63e51d31a345fde2cafda252"
"64245a285d47dbfaf1a71dbc","2023-03-29T15:32:56.674Z","5d128b2090265e00159ba969"
"64245a2ad1669f500a2dad51","2023-03-29T15:32:58.392Z","5afdda0456fe2c0001690b1e"
"64245a2dd1669f500a2dad54","2023-03-29T15:33:01.479Z","5ed779155833de1f4af8e56f"
"64245a2ed1669f500a2dad56","2023-03-29T15:33:02.244Z","5dc00855fcac12445f8f8d7a"
"64245a2fe39f7b05b626a3e0","2023-03-29T15:33:03.104Z","613606ee982c012a632d9d31"
"64245a2f28c4d08a819e191c","2023-03-29T15:33:03.414Z","63653e4f02bbba47b0999fdc"
"64245a30e39f7b05b626a3e2","2023-03-29T15:33:04.544Z","5df15288b1fb0506c5fc6afb"
"64245a33d1669f500a2dad5c","2023-03-29T15:33:07.972Z","63bf01914983c66626c67b6c"
"64245a34e39f7b05b626a3e5","2023-03-29T15:33:08.829Z","5d2075ccc26f84001566733c"
"64245a3528c4d08a819e191d","2023-03-29T15:33:09.666Z","5eaefbfa63ac4305357dae76"
"64245a39d1669f500a2dad60","2023-03-29T15:33:13.695Z","586fb0b5da731b000104a2ef"
"64245a3ad1669f500a2dad62","2023-03-29T15:33:14.709Z","5c49e6d8d1150d0001e11a41"
"64245a3b20f7049a5a59a162","2023-03-29T15:33:15.770Z","5b13da851e55760001ba009a"
"64245a3ce39f7b05b626a3e9","2023-03-29T15:33:16.894Z","63d147e049ad38a2d7c2df8a"
"64245a3d5d47dbfaf1a71dc5","2023-03-29T15:33:17.107Z","6346cd7b7d85c596d543e0ed"
"64245a3fd1669f500a2dad66","2023-03-29T15:33:19.122Z","5ea1a92e9a4975074e327627"
"64245a3fd1669f500a2dad67","2023-03-29T15:33:19.719Z","62cc66d7db7262253e778d5d"
"64245a4020f7049a5a59a168","2023-03-29T15:33:20.058Z","5ec6d054e1f1a71078cfbcda"
"64245a43e39f7b05b626a3ee","2023-03-29T15:33:23.977Z","5cae418e50fb5500114de744"
"64245a45d1669f500a2dad6b","2023-03-29T15:33:25.842Z","5bb3bac16322c5000158da04"
"64245a485d47dbfaf1a71dcc","2023-03-29T15:33:28.622Z","588d4876b08cc30001b77a5e"
"64245a495d47dbfaf1a71dcd","2023-03-29T15:33:29.217Z","641357ac044e1cc9577aa6b6"
"64245a4ad1669f500a2dad70","2023-03-29T15:33:30.786Z","55ac3198fdf99b6de3b68b23"
"64245a4c5d47dbfaf1a71dcf","2023-03-29T15:33:32.885Z","64135fce66ddc4d8c4b28dff"
"64245a4d5d47dbfaf1a71dd1","2023-03-29T15:33:33.968Z","5e8f8ebc09b58f28c329da6f"
"64245a4ee39f7b05b626a3f3","2023-03-29T15:33:34.646Z","59a5fd55145f7000017ab7e3"
"64245a4f28c4d08a819e1924","2023-03-29T15:33:35.355Z","5a7e1a26b093f80001a79cdd"
"64245a5320f7049a5a59a16d","2023-03-29T15:33:39.350Z","5e35ee03ce5a725a283da8cd"
"64245a5428c4d08a819e1925","2023-03-29T15:33:40.418Z","5e07aa9cb638531138f72587"
"64245a5528c4d08a819e1926","2023-03-29T15:33:41.500Z","6389bd5d820b83080e2fc60a"
"64245a5820f7049a5a59a170","2023-03-29T15:33:44.556Z","60e496fd57415dbf13291a6e"
"64245a58d1669f500a2dad73","2023-03-29T15:33:44.614Z","606cabcd5c1e1e870296997e"
"64245a5ad1669f500a2dad76","2023-03-29T15:33:46.071Z","60feb850ee121318fe8aa031"
"64245a5c28c4d08a819e192e","2023-03-29T15:33:48.532Z","63d66d856ec54ad9b9cfa338"
"64245a5d28c4d08a819e192f","2023-03-29T15:33:49.395Z","63bd825c24bc234283e5afec"
"64245a5f20f7049a5a59a172","2023-03-29T15:33:51.950Z","5ea073cfb8640c040e830651"
"64245a6228c4d08a819e1931","2023-03-29T15:33:54.781Z","57761fe4760c1f0001ca7bb8"
"64245a62e39f7b05b626a3fb","2023-03-29T15:33:54.848Z","60d3136e74b1871646e72544"
"64245a6328c4d08a819e1932","2023-03-29T15:33:55.132Z","613e2f89123385c68195b0e6"
"64245a64d1669f500a2dad7e","2023-03-29T15:33:56.580Z","56c9a79210a82f000dffd3ed"
"64245a66e39f7b05b626a3ff","2023-03-29T15:33:58.278Z","6020ef67ef1d8d7191658435"
"64245a6720f7049a5a59a178","2023-03-29T15:33:59.675Z","5d812e3c613aa900188746a6"
"64245a67e39f7b05b626a402","2023-03-29T15:33:59.840Z","5ace88a38cf72b00010e7c06"
"64245a6820f7049a5a59a17b","2023-03-29T15:34:00.790Z","63fc42a5024e60168747e9c5"
"64245a695d47dbfaf1a71dda","2023-03-29T15:34:01.155Z","634689ffbc01887b6007d6b4"
"64245a6a28c4d08a819e1934","2023-03-29T15:34:02.457Z","58794c1e327dab000199ea58"
"64245a6b20f7049a5a59a17d","2023-03-29T15:34:03.082Z","5f2dee30160a0f13f3145b05"
"64245a6b20f7049a5a59a17e","2023-03-29T15:34:03.648Z","5999d56f05a0e30001f1ffc3"
"64245a6d5d47dbfaf1a71ddd","2023-03-29T15:34:05.256Z","59b13a407f6c84000151bf1d"
"64245a6ed1669f500a2dad81","2023-03-29T15:34:06.893Z","63df7cace40d9c9ddda134d8"
"64245a6f28c4d08a819e1937","2023-03-29T15:34:07.293Z","5b4b0e8d94020800016323ed"
"64245a6fd1669f500a2dad82","2023-03-29T15:34:07.687Z","63d8315e4de81b4e1add83d3"
"64245a70e39f7b05b626a404","2023-03-29T15:34:08.734Z","6104f643566bca4643370eba"
"64245a7220f7049a5a59a184","2023-03-29T15:34:10.848Z","5f2c2b2e4d46190913d07955"
"64245a74d1669f500a2dad85","2023-03-29T15:34:12.653Z","63d14977a22dee1760f8770d"
"64245a74f1ea98466bcab677","2023-03-29T15:34:12.985Z","5cc5c31a89c84a0001377a39"
"64245a75e39f7b05b626a407","2023-03-29T15:34:13.274Z","5ac9069f1667e40001d889f2"
"64245a75e39f7b05b626a408","2023-03-29T15:34:13.766Z","5ec581cf622b97588396783f@email.prolific.co"
"64245a78f1ea98466bcab67b","2023-03-29T15:34:16.127Z","5ea9547b7d281703d010b1f8"
"64245a79f1ea98466bcab67c","2023-03-29T15:34:17.180Z","6234b3775193f8e94ee8c626"
"64245a7c20f7049a5a59a185","2023-03-29T15:34:20.323Z","5f00b3ba50b6780628d9baf3"
"64245a7ce39f7b05b626a40d","2023-03-29T15:34:20.501Z","63d427e00eb0a8350d4c50df"
"64245a7e2f63da2abdc4a221","2023-03-29T15:34:22.286Z","5b017ef1293d310001023bd8"
"64245a8120f7049a5a59a189","2023-03-29T15:34:25.888Z","577a930f7ba34c00010c8e5e"
"64245a82e39f7b05b626a410","2023-03-29T15:34:26.786Z","5c6c81054d186e00011606d7"
"64245a832f63da2abdc4a222","2023-03-29T15:34:27.070Z","5efe117668a7f00f2789b313"
"64245a835d47dbfaf1a71de6","2023-03-29T15:34:27.654Z","613d15812f91b26a609ea797"
"64245a842f63da2abdc4a223","2023-03-29T15:34:28.198Z","62dae78d1b3a661e64d8844b"
"64245a865d47dbfaf1a71dea","2023-03-29T15:34:30.224Z","5f01dbf0f5ef5d052ced1135"
"64245a8720f7049a5a59a18c","2023-03-29T15:34:31.044Z","60d4497712b0332d4ccb9c48"
"64245a872f63da2abdc4a225","2023-03-29T15:34:31.573Z","6098a3e57a6b8b5d80f1226e"
"64245a8c20f7049a5a59a190","2023-03-29T15:34:36.307Z","6019f2dde2dfcc1f13e9803c"
"64245a8ee39f7b05b626a415","2023-03-29T15:34:38.104Z","5d7e8b886984850001138382"
"64245a9020f7049a5a59a192","2023-03-29T15:34:40.370Z","5c8d226f6924b6001081b4f2"
"64245a9120f7049a5a59a193","2023-03-29T15:34:41.239Z","5f75a669c9ebb3229be4a8db"
"64245a91e39f7b05b626a416","2023-03-29T15:34:41.739Z","5dbcbb8dfc5beb25f7ce98be"
"64245a922f63da2abdc4a22c","2023-03-29T15:34:42.777Z","5d4b51b3a1176c00183f0dcb"
"64245a93f1ea98466bcab681","2023-03-29T15:34:43.907Z","5f84cf1b6d6eca19383f0744"
"64245a942f63da2abdc4a22e","2023-03-29T15:34:44.196Z","577bfad9d8e8880001b31280"
"64245a96f1ea98466bcab682","2023-03-29T15:34:46.080Z","60621582fe2e0ea6aa218581"
"64245a98f1ea98466bcab684","2023-03-29T15:34:48.155Z","5ac3b825e734400001da2436"
"64245a995d47dbfaf1a71df7","2023-03-29T15:34:49.190Z","606194ac4588bc4748d83964"
"64245a9a2f63da2abdc4a231","2023-03-29T15:34:50.014Z","5ce97c72bbc8bd001b07e9bb"
"64245a9a2f63da2abdc4a232","2023-03-29T15:34:50.903Z","5f7c8aff0e18660b96ed18e2"
"64245a9bf1ea98466bcab686","2023-03-29T15:34:51.135Z","637f86d14043aee189917962"
"64245a9c5d47dbfaf1a71df9","2023-03-29T15:34:52.204Z","6149c322d7184311d5a2c54d"
"64245a9d2f63da2abdc4a233","2023-03-29T15:34:53.584Z","59e481a5e75b450001a690f9"
"64245a9d20f7049a5a59a197","2023-03-29T15:34:53.742Z","63468857ad980b73f5badc57"
"64245a9e5d47dbfaf1a71dfb","2023-03-29T15:34:54.029Z","5eb82e4312c92a06cac8dcc1"
"64245a9fe39f7b05b626a418","2023-03-29T15:34:55.738Z","5f0578b029b7380009818767"
"64245a9f5d47dbfaf1a71dfd","2023-03-29T15:34:55.808Z","62ed2e366304c96e5505cf82"
"64245a9f2f63da2abdc4a237","2023-03-29T15:34:55.901Z","5ea20fd571038c119083a8df"
"64245aa32f63da2abdc4a23b","2023-03-29T15:34:59.796Z","56ca3e3237d66c000c59a891"
"64245aa5e39f7b05b626a41a","2023-03-29T15:35:01.249Z","5cd44529e0aa560001252901"
"64245aa65d47dbfaf1a71e01","2023-03-29T15:35:02.015Z","64142c7e4b3677e0550fdee9"
"64245aa6f1ea98466bcab689","2023-03-29T15:35:02.710Z","5f1fe390def1ed00093b8d7c"
"64245aa7f1ea98466bcab68a","2023-03-29T15:35:03.132Z","5a94ee9bf6dfdd0001ea50f1"
"64245aa85d47dbfaf1a71e04","2023-03-29T15:35:04.503Z","5c8a65405abd6b0016767b56"
"64245aa820f7049a5a59a19a","2023-03-29T15:35:04.622Z","580631fec912790001bec57f"
"64245aabe39f7b05b626a41f","2023-03-29T15:35:07.344Z","61109630acfae1a4345bcdfd"
"64245aabf1ea98466bcab68e","2023-03-29T15:35:07.553Z","6304b592821fa02387e892a2"
"64245aac5d47dbfaf1a71e05","2023-03-29T15:35:08.382Z","60004394bd4b86052a667927"
"64245aade39f7b05b626a422","2023-03-29T15:35:09.810Z","58bd73414cdfd90001778323"
"64245aae20f7049a5a59a19e","2023-03-29T15:35:10.873Z","63ef8fcef7ec4e0d8d2d5bba"
"64245aaef1ea98466bcab691","2023-03-29T15:35:10.960Z","63d4fd720422442e99f00231"
"64245ab120f7049a5a59a1a0","2023-03-29T15:35:13.717Z","63d6a4eaa7fee901efd4892b"
"64245ab320f7049a5a59a1a1","2023-03-29T15:35:15.192Z","54240de1fdf99b691fb383a8"
"64245ab528c4d08a819e1941","2023-03-29T15:35:17.363Z","63ed4941a5e7b8fc0957676f"
"64245ab52f63da2abdc4a23f","2023-03-29T15:35:17.380Z","63653f3609755780043079a8"
"64245ab72f63da2abdc4a241","2023-03-29T15:35:19.149Z","63d79f5acb27df24ca5787e3"
"64245ab728c4d08a819e1944","2023-03-29T15:35:19.321Z","5b940169db07f50001479bf9"
"64245ab82f63da2abdc4a242","2023-03-29T15:35:20.006Z","5d1c9fdc9d66be0001649a6d"
"64245abae39f7b05b626a42d","2023-03-29T15:35:22.075Z","63da916f8546f271842efb23"
"64245abb2f63da2abdc4a246","2023-03-29T15:35:23.568Z","5b031e450a56660001284e2c"
"64245abc28c4d08a819e1947","2023-03-29T15:35:24.939Z","5c351b21d4ae620001d3ee01"
"64245abce39f7b05b626a42e","2023-03-29T15:35:24.956Z","60327814972410257184f252"
"64245abd20f7049a5a59a1a3","2023-03-29T15:35:25.194Z","5f4e389555e3b9b30666d8cf"
"64245abd5d47dbfaf1a71e09","2023-03-29T15:35:25.418Z","606dacfe6d1f7e5f2d0f330f"
"64245ac128c4d08a819e1949","2023-03-29T15:35:29.176Z","5eac70db94edd22d57fa00c4"
"64245ac12f63da2abdc4a24a","2023-03-29T15:35:29.220Z","600462f1b4a08d58c1808452"
"64245ac2e39f7b05b626a432","2023-03-29T15:35:30.473Z","6278f2c1db1a5b8b12b94a21"
"64245ac32f63da2abdc4a24d","2023-03-29T15:35:31.591Z","5d0c3381da7493001ab3a903"
"64245ac62f63da2abdc4a24f","2023-03-29T15:35:34.155Z","5f2044bd427e720c068a3b85"
"64245ac6e39f7b05b626a435","2023-03-29T15:35:34.245Z","5d1b1d232d8715001822bee7"
"64245ac728c4d08a819e194c","2023-03-29T15:35:35.254Z","63e61321c84b73dbfc1cd3af"
"64245acde39f7b05b626a439","2023-03-29T15:35:41.950Z","5c4715a0c41b2a0001838ebf"
"64245aced1669f500a2dad8d","2023-03-29T15:35:42.028Z","5bb0e35556161d0001feccdc"
"64245acee39f7b05b626a43a","2023-03-29T15:35:42.447Z","634706aea204e3aeb7ac0a3a@email.prolific.co"
"64245ace2f63da2abdc4a253","2023-03-29T15:35:42.454Z","5fc8c1f4c5116c2405111f99"
"64245acf2f63da2abdc4a254","2023-03-29T15:35:43.118Z","6086ca7ded41075e39973ec1"
"64245ad028c4d08a819e1952","2023-03-29T15:35:44.683Z","56896501d3d6a7000ca23da8"
"64245ad1f1ea98466bcab69a","2023-03-29T15:35:45.018Z","63e3c4bb98ef1111f6026e28"
"64245ad1d1669f500a2dad8e","2023-03-29T15:35:45.899Z","5e4438c766f95e2bcccc2548"
"64245ad3e39f7b05b626a43e","2023-03-29T15:35:47.990Z","63ee1884534ecc3f58e7bb8a"
"64245ad42f63da2abdc4a258","2023-03-29T15:35:48.770Z","5dd6a1b318beb6626ba825b4"
"64245ad420f7049a5a59a1ad","2023-03-29T15:35:48.799Z","629e1ece4f4735be708aa604"
"64245ad4e39f7b05b626a43f","2023-03-29T15:35:48.985Z","63f779740de2ae5b2620cec4"
"64245ad5f1ea98466bcab69d","2023-03-29T15:35:49.146Z","62e02596b92f410946e852c9"
"64245ad62f63da2abdc4a259","2023-03-29T15:35:50.285Z","5f71239ea04558757f05b5f6"
"64245ad628c4d08a819e1955","2023-03-29T15:35:50.454Z","598cc899e339120001fb88c6"
"64245adae39f7b05b626a445","2023-03-29T15:35:54.145Z","5ce64b4d0226ce0019c49a3f"
"64245adce39f7b05b626a449","2023-03-29T15:35:56.983Z","63d141164235b3bc9e54a44b"
"64245add28c4d08a819e1959","2023-03-29T15:35:57.568Z","5f5730f56cdec01a853fcb5c"
"64245adfe39f7b05b626a44a","2023-03-29T15:35:59.838Z","613dac93910a1063e52bfbe3"
"64245ae0e39f7b05b626a44b","2023-03-29T15:36:00.795Z","5c41bfebf7c8890001d0947b"
"64245ae1e39f7b05b626a44c","2023-03-29T15:36:01.932Z","5e9f0bc126557006ea49d1f4"
"64245ae2f1ea98466bcab6a2","2023-03-29T15:36:02.853Z","5f856485bcda93000927a185"
"64245ae428c4d08a819e195c","2023-03-29T15:36:04.576Z","6146f7b903db610d4cf373e6"
"64245ae5e39f7b05b626a44e","2023-03-29T15:36:05.148Z","5bad23638e44c6000123bcd4"
"64245ae5f1ea98466bcab6a3","2023-03-29T15:36:05.206Z","5f32c470677f5a0457545995"
"64245ae5e39f7b05b626a44f","2023-03-29T15:36:05.796Z","5d7f2c51ed58b60015490876"
"64245ae9e39f7b05b626a452","2023-03-29T15:36:09.352Z","60e95ccdb34d9ddc77e3d772"
"64245ae928c4d08a819e1960","2023-03-29T15:36:09.510Z","60fd1f3510ad12e40aa95564"
"64245ae92f63da2abdc4a267","2023-03-29T15:36:09.808Z","5c78f007998fb70001efcb33"
"64245aebf1ea98466bcab6a7","2023-03-29T15:36:11.329Z","566d5997d408ea00051a2a86"
"64245aeb2f63da2abdc4a269","2023-03-29T15:36:11.896Z","5ac4b010f69e940001d97645"
"64245aed2f63da2abdc4a26b","2023-03-29T15:36:13.339Z","6266e277eeff2c06dec3116a"
"64245aeff1ea98466bcab6ac","2023-03-29T15:36:15.418Z","5e3891a0ffe78b000a8a4124"
"64245af128c4d08a819e1965","2023-03-29T15:36:17.097Z","605ed8d940dc49a55b76cadb"
"64245af12f63da2abdc4a26e","2023-03-29T15:36:17.238Z","5f66cd05ac166d1a77c917af"
"64245af328c4d08a819e1969","2023-03-29T15:36:19.592Z","576ef8ede26bd40001ebf904"
"64245af4e39f7b05b626a45b","2023-03-29T15:36:20.597Z","5a8d7f63eea3d300016eb5a4"
"64245af5d1669f500a2dad92","2023-03-29T15:36:21.657Z","5ef5d41822b3c903597a9309"
"64245af5e39f7b05b626a45c","2023-03-29T15:36:21.910Z","5dc3224ff3795b23e5ec7c65"
"64245af728c4d08a819e196c","2023-03-29T15:36:23.042Z","56d1f9597bbc32000589a58d"
"64245af7e39f7b05b626a45d","2023-03-29T15:36:23.484Z","5f985f3a4bc1cf120675f408"
"64245af7d1669f500a2dad95","2023-03-29T15:36:23.725Z","63d3f99fe5b801f923a38167"
"64245afad1669f500a2dad97","2023-03-29T15:36:26.057Z","5e573ce57a25e30f431f8994"
"64245afb28c4d08a819e1970","2023-03-29T15:36:27.957Z","5fd89ebca76f0e0008c466a7"
"64245afc28c4d08a819e1971","2023-03-29T15:36:28.926Z","5d791761790bf400014122ec"
"64245b01e39f7b05b626a468","2023-03-29T15:36:33.329Z","5b86907cf204a500010864d0"
"64245b02e39f7b05b626a46a","2023-03-29T15:36:34.088Z","60e3b450cc89a0046b21c5bc"
"64245b032f63da2abdc4a277","2023-03-29T15:36:35.503Z","60a633760a932c3b1150e376"
"64245b04e39f7b05b626a46c","2023-03-29T15:36:36.403Z","63468a3c999c8e38f33c7a82"
"64245b05e39f7b05b626a46d","2023-03-29T15:36:37.311Z","5f40205989c7a912f71e7ee9"
"64245b06f1ea98466bcab6b9","2023-03-29T15:36:38.914Z","61bb371940db417c1a1389b4"
"64245b08e39f7b05b626a46f","2023-03-29T15:36:40.794Z","5b82be353c1375000199766e"
"64245b09d1669f500a2dad99","2023-03-29T15:36:41.933Z","5b7a0bb43c13750001982223"
"64245b0a2f63da2abdc4a279","2023-03-29T15:36:42.027Z","5c383eb5bc6444000133d1e3"
"64245b0a20f7049a5a59a1b1","2023-03-29T15:36:42.138Z","5be44162fa676700011d80d7"
"64245b0ad1669f500a2dad9a","2023-03-29T15:36:42.271Z","5c4ce29ad7c9720001295e1b"
"64245b0dd1669f500a2dad9d","2023-03-29T15:36:45.922Z","5af9969a46f0040001e34736"
"64245b0ed1669f500a2dad9f","2023-03-29T15:36:46.732Z","62ac7eef7d1b986628650007"
"64245b0f28c4d08a819e1979","2023-03-29T15:36:47.205Z","57b8e70f35624400013d690c"
"64245b0fe39f7b05b626a473","2023-03-29T15:36:47.323Z","60f880f5592905124d47f7b8"
"64245b0fd1669f500a2dada1","2023-03-29T15:36:47.440Z","5bfe7267098e7a00016a4058"
"64245b0ff1ea98466bcab6be","2023-03-29T15:36:47.514Z","63b036d4084c87b114cda181"
"64245b11d1669f500a2dada3","2023-03-29T15:36:49.471Z","62b5d92be777f3aa7176307e"
"64245b13d1669f500a2dada5","2023-03-29T15:36:51.747Z","5fae8da24efd22041e872784"
"64245b17d1669f500a2dada8","2023-03-29T15:36:55.011Z","586e8212156b0100017864c2"
"64245b17d1669f500a2dada9","2023-03-29T15:36:55.718Z","62b1e6851cd75aeb7e03e00e"
"64245b1828c4d08a819e1981","2023-03-29T15:36:56.461Z","5c81582c4c1a61000155584f"
"64245b18f1ea98466bcab6bf","2023-03-29T15:36:56.497Z","616437a7882ca1d66da11c4f"
"64245b1a2f63da2abdc4a27f","2023-03-29T15:36:58.561Z","631755de69157e27c295a340"
"64245b1cf1ea98466bcab6c1","2023-03-29T15:37:00.034Z","63d4e813ba6a8feb04a652a8"
"64245b1df1ea98466bcab6c4","2023-03-29T15:37:01.779Z","5fc2a391bd7dc21720d0160a"
"64245b1e28c4d08a819e1985","2023-03-29T15:37:02.062Z","5d593dbaa0c0940001a471be"
"64245b2028c4d08a819e1989","2023-03-29T15:37:04.730Z","60ff3ccd8469031d3dc3bb5d"
"64245b21e39f7b05b626a47e","2023-03-29T15:37:05.300Z","59f9b68d7086f800019418dd"
"64245b22f1ea98466bcab6c8","2023-03-29T15:37:06.793Z","5c51d18698b0ff000110da96"
"64245b22e39f7b05b626a481","2023-03-29T15:37:06.942Z","61fa95715719bc09cb8351de"
"64245b2620f7049a5a59a1b9","2023-03-29T15:37:10.088Z","62d90e828279a1f54b9c0a0e"
"64245b26f1ea98466bcab6ca","2023-03-29T15:37:10.682Z","5ab14610811b2000016fa5e8"
"64245b27f1ea98466bcab6cc","2023-03-29T15:37:11.724Z","5d301a7c9f79cb001cdcbc91"
"64245b28f1ea98466bcab6cd","2023-03-29T15:37:12.117Z","58642f6cda731b0001049ad5"
"64245b29f1ea98466bcab6ce","2023-03-29T15:37:13.321Z","5ea128dbb3b90d1378471bea"
"64245b29d1669f500a2dadb1","2023-03-29T15:37:13.355Z","6019de139b6a551b974ed2ea"
"64245b2a28c4d08a819e198e","2023-03-29T15:37:14.490Z","5dfc01544a2ad4918e665575"
"64245b2ad1669f500a2dadb4","2023-03-29T15:37:14.947Z","62e1556103ab458b40bd96cc"
"64245b2af1ea98466bcab6d0","2023-03-29T15:37:14.970Z","637fa9a2ca0c2fa078910c4b"
"64245b2ce39f7b05b626a488","2023-03-29T15:37:16.325Z","5ba52511fe3a1d0001e63d97"
"64245b2de39f7b05b626a48a","2023-03-29T15:37:17.170Z","5d5a8cbeeb68e00018d85fb7"
"64245b2df1ea98466bcab6d3","2023-03-29T15:37:17.446Z","5dee48a67309b94df13ddbce"
"64245b2f2f63da2abdc4a289","2023-03-29T15:37:19.233Z","63e52debbbb982734deba89a"
"64245b31e39f7b05b626a48f","2023-03-29T15:37:21.308Z","5f2469061ed23e032ae09385"
"64245b3128c4d08a819e198f","2023-03-29T15:37:21.322Z","5e56584b888eb7000a1acb2b"
"64245b31e39f7b05b626a490","2023-03-29T15:37:21.604Z","5b1d8c8988ee7400012b2730"
"64245b33d1669f500a2dadb6","2023-03-29T15:37:23.721Z","5a870482f49c9a0001f3941b"
"64245b362f63da2abdc4a28e","2023-03-29T15:37:26.289Z","60eead911e567d29abb34468"
"64245b3628c4d08a819e1993","2023-03-29T15:37:26.675Z","5989b85ce684850001dfe29c"
"64245b3628c4d08a819e1994","2023-03-29T15:37:26.999Z","612fd7e2ff930c4ce9acfa4e"
"64245b372f63da2abdc4a290","2023-03-29T15:37:27.232Z","5fe870ac2234a670a51701a0"
"64245b37d1669f500a2dadb7","2023-03-29T15:37:27.315Z","63678d9d5b351249db999f71"
"64245b3720f7049a5a59a1c5","2023-03-29T15:37:27.799Z","5b7e7de287d85f0001bac19a"
"64245b3728c4d08a819e1996","2023-03-29T15:37:27.886Z","605bc35a0133e151a7cf9623"
"64245b38d1669f500a2dadb9","2023-03-29T15:37:28.508Z","5d4e4f66ffbcf800199d5d2e"
"64245b395d47dbfaf1a71e0b","2023-03-29T15:37:29.120Z","5da6b2aca2860400146b8ace"
"64245b3a5d47dbfaf1a71e0d","2023-03-29T15:37:30.275Z","5ed5554c81c8660c613057d4"
"64245b3a20f7049a5a59a1c6","2023-03-29T15:37:30.546Z","60dc963e81e24696fb377f61"
"64245b3e20f7049a5a59a1ca","2023-03-29T15:37:34.202Z","5c60501d767686000100150c"
"64245b3e2f63da2abdc4a295","2023-03-29T15:37:34.656Z","5f612fe73bb6c60afeafb0e9"
"64245b3f2f63da2abdc4a296","2023-03-29T15:37:35.093Z","60d9f592966abe62f29c1e0a"
"64245b3ff1ea98466bcab6e6","2023-03-29T15:37:35.239Z","612cb8ab5ad60fc4504e073f"
"64245b3f28c4d08a819e199d","2023-03-29T15:37:35.802Z","60ea38c4daf970d96f76fa96"
"64245b425d47dbfaf1a71e12","2023-03-29T15:37:38.660Z","616433d2ef32ba2019d14ba8"
"64245b4228c4d08a819e19a1","2023-03-29T15:37:38.693Z","5d7f598628843a00181eb444"
"64245b4428c4d08a819e19a2","2023-03-29T15:37:40.793Z","631604308dac2909a887e171"
"64245b452f63da2abdc4a29a","2023-03-29T15:37:41.625Z","595fdc1eb69238000141784e"
"64245b46f1ea98466bcab6ec","2023-03-29T15:37:42.367Z","5ed97291fac0cc510c9bb3f2"
"64245b475d47dbfaf1a71e14","2023-03-29T15:37:43.315Z","concal8@outlook.com"
"64245b475d47dbfaf1a71e15","2023-03-29T15:37:43.993Z","5ea14bf64f71e2000acbc618"
"64245b485d47dbfaf1a71e16","2023-03-29T15:37:44.374Z","5a36e937e7bc8000010a830a"
"64245b495d47dbfaf1a71e17","2023-03-29T15:37:45.029Z","5ead6fe25ed0c73fa418e825"
"64245b4d28c4d08a819e19aa","2023-03-29T15:37:49.100Z","60b7f102c27f0b693919fc98"
"64245b5028c4d08a819e19af","2023-03-29T15:37:52.803Z","59d65ad8e2762800015eb51b"
"64245b5428c4d08a819e19b1","2023-03-29T15:37:56.923Z","5f2e72ed16a1ff1e83d98d1b"
"64245b5528c4d08a819e19b3","2023-03-29T15:37:57.873Z","5bcda2ee6fd72000014996e4"
"64245b57f1ea98466bcab6f8","2023-03-29T15:37:59.509Z","5aa6fcaa1ade740001b9730b"
"64245b572f63da2abdc4a2a8","2023-03-29T15:37:59.864Z","603836f34e3f321dbba51e02"
"64245b5bf1ea98466bcab6fc","2023-03-29T15:38:03.199Z","63d13f343d0cb5503347e5ea"
"64245b5d28c4d08a819e19b8","2023-03-29T15:38:05.452Z","5eac8f806d7f5112644ce460"
"64245b5ef1ea98466bcab6fe","2023-03-29T15:38:06.760Z","6413a9c98c8bccc9690e8fb8"
"64245b602f63da2abdc4a2b1","2023-03-29T15:38:08.650Z","5c60571b0112a60001a2b034"
"64245b622f63da2abdc4a2b3","2023-03-29T15:38:10.144Z","5fefb0bebc4c4d34bc87c903"
"64245b6328c4d08a819e19ba","2023-03-29T15:38:11.580Z","5f017162f1a82a2aeb59524d"
"64245b632f63da2abdc4a2b4","2023-03-29T15:38:11.981Z","5fa15d86f7079622c92cb127"
"64245b642f63da2abdc4a2b5","2023-03-29T15:38:12.664Z","54249d5bfdf99b691e6ac9a0"
"64245b6628c4d08a819e19bc","2023-03-29T15:38:14.698Z","59b3fe37bee06e0001c2c0e0"
"64245b67f1ea98466bcab706","2023-03-29T15:38:15.459Z","558996f2fdf99b7ae47f5ed2"
"64245b682f63da2abdc4a2b8","2023-03-29T15:38:16.734Z","62e1975a303029942e08439a"
"64245b695d47dbfaf1a71e20","2023-03-29T15:38:17.817Z","571b728d5d40840011c3d9df"
"64245b6b2f63da2abdc4a2b9","2023-03-29T15:38:19.616Z","5f12ad33a5b0e321fa828a45"
"64245b6d2f63da2abdc4a2ba","2023-03-29T15:38:21.490Z","57bae6b9017c2d000166f593"
"64245b6f5d47dbfaf1a71e23","2023-03-29T15:38:23.872Z","5f9f366d30ae1a565a704ccc"
"64245b7028c4d08a819e19bd","2023-03-29T15:38:24.021Z","5fedc499d92c4a83e5d18e93"
"64245b702f63da2abdc4a2bf","2023-03-29T15:38:24.297Z","59957d9abf8bcf0001ab6a3c"
"64245b732f63da2abdc4a2c3","2023-03-29T15:38:27.736Z","5ce740c8636a5b0018f55968"
"64245b752f63da2abdc4a2c5","2023-03-29T15:38:29.903Z","5e58436ebdccf5057ddd9190"
"64245b762f63da2abdc4a2c6","2023-03-29T15:38:30.436Z","5cc707c55ac1240018c17394"
"64245b785d47dbfaf1a71e2a","2023-03-29T15:38:32.275Z","600552740dbd6673a1ffda30"
"64245b7820f7049a5a59a1d1","2023-03-29T15:38:32.430Z","58cc4c53efb64f0001359761"
"64245b7b20f7049a5a59a1d2","2023-03-29T15:38:35.769Z","606a5eba8ae3d9d334a69abc"
"64245b7c5d47dbfaf1a71e2b","2023-03-29T15:38:36.207Z","5d92791d8eaeee0765fa38e0"
"64245b7d5d47dbfaf1a71e2c","2023-03-29T15:38:37.343Z","611a534847508cf4efe439f9"
"64245b82f1ea98466bcab70f","2023-03-29T15:38:42.591Z","5ef92a8979cf2c6b9ca11f99"
"64245b835d47dbfaf1a71e31","2023-03-29T15:38:43.105Z","63ed1e6c02d4d8ba13c1105b"
"64245b832f63da2abdc4a2cf","2023-03-29T15:38:43.148Z","5964e073241f8d0001065056"
"64245b84f1ea98466bcab711","2023-03-29T15:38:44.756Z","5b20590b68a5ed000173d733"
"64245b86f1ea98466bcab714","2023-03-29T15:38:46.698Z","62e2e5216c731eebbe5385a0"
"64245b8820f7049a5a59a1d9","2023-03-29T15:38:48.249Z","62385e34d5c3a3c82b3384e3"
"64245b882f63da2abdc4a2d3","2023-03-29T15:38:48.375Z","6049d7608658370634ee2419"
"64245b88f1ea98466bcab716","2023-03-29T15:38:48.488Z","6060fb525f262e237d167361"
"64245b882f63da2abdc4a2d4","2023-03-29T15:38:48.777Z","6149a9950e2979bea26373c2"
"64245b892f63da2abdc4a2d5","2023-03-29T15:38:49.541Z","60fabdbd4c17b0c6feb05f88"
"64245b8928c4d08a819e19c7","2023-03-29T15:38:49.750Z","63e52fbd881a263f903bf720"
"64245b89f1ea98466bcab718","2023-03-29T15:38:49.900Z","5ea55df76205ad53a793bc01"
"64245b8a20f7049a5a59a1da","2023-03-29T15:38:50.894Z","5a6e3debe6cc4a0001b6d1fc"
"64245b8c20f7049a5a59a1db","2023-03-29T15:38:52.594Z","5caa6f4d6c0307000114b359"
"64245b8e28c4d08a819e19c9","2023-03-29T15:38:54.019Z","5aae898d5813c20001fe3ec8"
"64245b8e5d47dbfaf1a71e35","2023-03-29T15:38:54.824Z","641373f8117053037093d10a"
"64245b8f5d47dbfaf1a71e37","2023-03-29T15:38:55.790Z","5b4e147ad4c93b00019c9e01"
"64245b915d47dbfaf1a71e38","2023-03-29T15:38:57.017Z","6148fbe7c0cae76ed2c1657a"
"64245b9128c4d08a819e19ce","2023-03-29T15:38:57.900Z","56eb00e515ef53000b46726c"
"64245b9220f7049a5a59a1e1","2023-03-29T15:38:58.073Z","5a63806cc0d836000107b780"
"64245b9228c4d08a819e19cf","2023-03-29T15:38:58.636Z","6400e4f64c0c20c57147960a"
"64245b93f1ea98466bcab71b","2023-03-29T15:38:59.212Z","5cba2e9af429ff00159dda71"
"64245b93f1ea98466bcab71c","2023-03-29T15:38:59.734Z","5b06b39f16240200010d70a6"
"64245b9528c4d08a819e19d1","2023-03-29T15:39:01.000Z","6317466e77a46dec7e2909b4"
"64245b975d47dbfaf1a71e3c","2023-03-29T15:39:03.615Z","5f4c2f966aa63985a094af38"
"64245b985d47dbfaf1a71e3d","2023-03-29T15:39:04.896Z","63d79c01dfef9018a7db38fd"
"64245b9ae39f7b05b626a497","2023-03-29T15:39:06.465Z","56ba8b5730d6b3000cf85665"
"64245b9a5d47dbfaf1a71e3f","2023-03-29T15:39:06.510Z","57b4e9d152a08d0001d1b9dc"
"64245b9d5d47dbfaf1a71e41","2023-03-29T15:39:09.574Z","5dfa781efa3d107cc08854a9"
"64245b9d2f63da2abdc4a2db","2023-03-29T15:39:09.723Z","5d2476c58352f000153bbcd6"
"64245b9ef1ea98466bcab723","2023-03-29T15:39:10.405Z","5cd6c6fd987ddd00187b79fd"
"64245ba3f1ea98466bcab727","2023-03-29T15:39:15.051Z","601969ac51c0bc0556499ddd"
"64245ba35d47dbfaf1a71e42","2023-03-29T15:39:15.499Z","5c9a111a626e810018cda632"
"64245ba528c4d08a819e19d2","2023-03-29T15:39:17.389Z","5c8659d49a306000016f7c4c"
"64245ba52f63da2abdc4a2e3","2023-03-29T15:39:17.899Z","5fd957002dc9172302e1d60c"
"64245ba62f63da2abdc4a2e4","2023-03-29T15:39:18.371Z","628f6b8837248d46a50776f7"
"64245ba7f1ea98466bcab729","2023-03-29T15:39:19.340Z","5c609e77044f100001a4bcc7"
"64245ba75d47dbfaf1a71e46","2023-03-29T15:39:19.468Z","5b278c153a20420001efd41b"
"64245ba82f63da2abdc4a2e7","2023-03-29T15:39:20.254Z","606ee8f52a168c78fda80c23"
"64245ba85d47dbfaf1a71e47","2023-03-29T15:39:20.403Z","60f84b82661faf6c4a0c56a5"
"64245baa5d47dbfaf1a71e4a","2023-03-29T15:39:22.400Z","5f027aa289eb5940e0079898"
"64245bae28c4d08a819e19d6","2023-03-29T15:39:26.166Z","5c1d232074ad0b0001531eea"
"64245baef1ea98466bcab72d","2023-03-29T15:39:26.177Z","5c58a9908f34eb0001574867"
"64245bb028c4d08a819e19d7","2023-03-29T15:39:28.037Z","62a888104439920ee5cba688"
"64245bb25d47dbfaf1a71e4e","2023-03-29T15:39:30.253Z","59f88f6eb47dfc0001b661ef"
"64245bb420f7049a5a59a1e4","2023-03-29T15:39:32.090Z","590a361371adfd000150e4c2"
"64245bb42f63da2abdc4a2ea","2023-03-29T15:39:32.896Z","615d74e5910ab5aa13e15292"
"64245bb52f63da2abdc4a2eb","2023-03-29T15:39:33.565Z","62b43755f6be0c82be3cb760"
"64245bb62f63da2abdc4a2ec","2023-03-29T15:39:34.739Z","605b2b10df3fd109ccf7f7ea"
"64245bb9d1669f500a2dadbf","2023-03-29T15:39:37.172Z","5ed814fc9e50c230c1efb63c"
"64245bba2f63da2abdc4a2ef","2023-03-29T15:39:38.513Z","63d276cb9267b23170884be3"
"64245bbc2f63da2abdc4a2f1","2023-03-29T15:39:40.463Z","5e950a4aef32a3375999451e"
"64245bbdd1669f500a2dadc4","2023-03-29T15:39:41.571Z","62a0c9fa6e2704943e292fa7"
"64245bbed1669f500a2dadc5","2023-03-29T15:39:42.155Z","5a8d38971904200001563f47"
"64245bbe2f63da2abdc4a2f3","2023-03-29T15:39:42.214Z","5aabf0385e19aa00013c21a5"
"64245bbe28c4d08a819e19e0","2023-03-29T15:39:42.408Z","5de7900ceb1b0a6fe754b2c6"
"64245bbee39f7b05b626a49e","2023-03-29T15:39:42.414Z","5edf196f0ad20d1c592b6f29"
"64245bbfd1669f500a2dadc6","2023-03-29T15:39:43.629Z","60cfcdbc26779ff1d6bfb3a8"
"64245bbfe39f7b05b626a49f","2023-03-29T15:39:43.654Z","62359ba04dd9c8c32862faf0"
"64245bc52f63da2abdc4a2f9","2023-03-29T15:39:49.247Z","5f32fa63575cf50db8d2cc90"
"64245bc52f63da2abdc4a2fa","2023-03-29T15:39:49.785Z","5a7cb83a000dab00018c530b"
"64245bc82f63da2abdc4a2fe","2023-03-29T15:39:52.337Z","636542e86f99b8a5c4ed0461"
"64245bc9e39f7b05b626a4a3","2023-03-29T15:39:53.123Z","5f39a2fd2d394917284dd66f"
"64245bc920f7049a5a59a1e8","2023-03-29T15:39:53.285Z","605772a89b984daa51fb5692"
"64245bcc2f63da2abdc4a301","2023-03-29T15:39:56.527Z","6414722de2fa306c0e32ef73"
"64245bcc20f7049a5a59a1ec","2023-03-29T15:39:56.809Z","5cf3ce21392ca30016117ebb"
"64245bce20f7049a5a59a1ed","2023-03-29T15:39:58.706Z","5d7d74cf1822680001b2447e"
"64245bcfe39f7b05b626a4ac","2023-03-29T15:39:59.165Z","628faa2f087427a2b332f70b"
"64245bd0e39f7b05b626a4ad","2023-03-29T15:40:00.991Z","5a1dcd14f2e3460001edcabf"
"64245bd228c4d08a819e19e4","2023-03-29T15:40:02.185Z","60fd1724be388fa301b32497"
"64245bd2e39f7b05b626a4af","2023-03-29T15:40:02.313Z","5e6ce118673e50000c303890"
"64245bd2d1669f500a2dadd4","2023-03-29T15:40:02.321Z","62c5ebe612c40c7e32390bf6"
"64245bd728c4d08a819e19e8","2023-03-29T15:40:07.339Z","62b182ba39468032223841bb"
"64245bd8e39f7b05b626a4b2","2023-03-29T15:40:08.296Z","6317461a94f423d571ba8c26"
"64245bd8d1669f500a2dadd8","2023-03-29T15:40:08.861Z","5a8e798af49c9a0001f3dd0d"
"64245bd9e39f7b05b626a4b4","2023-03-29T15:40:09.819Z","63ea57d81bc75f1bad4806b0"
"64245bdae39f7b05b626a4b5","2023-03-29T15:40:10.573Z","608d0b8564a860a83b865ff2"
"64245bdb28c4d08a819e19eb","2023-03-29T15:40:11.154Z","61535d60db67adaf13fd11f1"
"64245bdbd1669f500a2daddb","2023-03-29T15:40:11.198Z","5bc08c345e8a950001892156"
"64245bdcd1669f500a2daddc","2023-03-29T15:40:12.656Z","597aab70fd9fe50001166ba0"
"64245be0d1669f500a2dade1","2023-03-29T15:40:16.255Z","62a1d8a912b04419efd7d02c"
"64245be4d1669f500a2dade6","2023-03-29T15:40:20.259Z","5c2ff627407f1b0001f43f31"
"64245be6e39f7b05b626a4bd","2023-03-29T15:40:22.388Z","6278270bfb2439bf3abf192d"
"64245be6d1669f500a2dade8","2023-03-29T15:40:22.484Z","5c6549632eacb200019ed66d"
"64245be6d1669f500a2dade9","2023-03-29T15:40:22.810Z","5f4d2859bb28ad0f93bac7be"
"64245be9e39f7b05b626a4c1","2023-03-29T15:40:25.280Z","5d45e7d2da637a00174b9311"
"64245be92f63da2abdc4a306","2023-03-29T15:40:25.318Z","5e4da2248f2be10718acf61b"
"64245beae39f7b05b626a4c2","2023-03-29T15:40:26.386Z","612e0e698fdfa13b13dbf482"
"64245bebe39f7b05b626a4c3","2023-03-29T15:40:27.527Z","63f79e7d87e0e4191befff47"
"64245bec20f7049a5a59a203","2023-03-29T15:40:28.503Z","607f179ab5b13c7618778498"
"64245beee39f7b05b626a4c6","2023-03-29T15:40:30.242Z","597dda62aac45000016f1a7e"
"64245bef2f63da2abdc4a30a","2023-03-29T15:40:31.609Z","63d7fd36d837a4ff4a6da6c7"
"64245bf02f63da2abdc4a30b","2023-03-29T15:40:32.576Z","5c8e1261692c610018e14db1"
"64245bf3e39f7b05b626a4cc","2023-03-29T15:40:35.283Z","63874670685f244f8d4e93ff"
"64245bf520f7049a5a59a20b","2023-03-29T15:40:37.316Z","63f38f6346a5beb76cb2a3b8"
"64245bf5e39f7b05b626a4cf","2023-03-29T15:40:37.496Z","64218ad14987147a777c2b13"
"64245bf6e39f7b05b626a4d0","2023-03-29T15:40:38.910Z","60a637b76eced2fcdea4fe95"
"64245bf9d1669f500a2dadea","2023-03-29T15:40:41.400Z","5e831250400f0a0289ba4f3a"
"64245bfa2f63da2abdc4a318","2023-03-29T15:40:42.476Z","5bec31d644d77f0001fa4ecb"
"64245bfbe39f7b05b626a4d3","2023-03-29T15:40:43.418Z","6128ac21a266b9cf5decd445"
"64245bfbd1669f500a2daded","2023-03-29T15:40:43.489Z","5e42c26bcea1861491e28258"
"64245bfd2f63da2abdc4a31c","2023-03-29T15:40:45.520Z","605da0a3b78d54d78f618ba4"
"64245bfe2f63da2abdc4a31d","2023-03-29T15:40:46.349Z","60e55bb59cfd0aa9803b4470"
"64245c0028c4d08a819e19fd","2023-03-29T15:40:48.213Z","629751c7e478b159d620c917"
"64245c0128c4d08a819e19fe","2023-03-29T15:40:49.277Z","610ba4d2fcf0cdcfb8a4e4fb"
"64245c02e39f7b05b626a4d6","2023-03-29T15:40:50.299Z","5fa2b0b5a0ba5e4c859ec520"
"64245c02e39f7b05b626a4d7","2023-03-29T15:40:50.636Z","62a37bbee466cead399fc976"
"64245c05d1669f500a2dadf7","2023-03-29T15:40:53.427Z","63d3fca8e40c76adc4093c15"
"64245c06d1669f500a2dadf9","2023-03-29T15:40:54.865Z","5a01d637087f2e0001eadb56"
"64245c07d1669f500a2dadfa","2023-03-29T15:40:55.820Z","5e8705c29abd41343808255e"
"64245c072f63da2abdc4a324","2023-03-29T15:40:55.852Z","62eac867210f0e2e8d322d44"
"64245c0828c4d08a819e1a04","2023-03-29T15:40:56.408Z","5eb960c022781303ab1ca871"
"64245c082f63da2abdc4a326","2023-03-29T15:40:56.556Z","6305029c1b1709794c62e4d2"
"64245c0a20f7049a5a59a211","2023-03-29T15:40:58.060Z","5d5bb3833234e300164e518a"
"64245c0ad1669f500a2dadfd","2023-03-29T15:40:58.244Z","5f69f87e83dfd701bfc84b39"
"64245c0a28c4d08a819e1a05","2023-03-29T15:40:58.352Z","6041432b35b371016982aba7"
"64245c0be39f7b05b626a4e3","2023-03-29T15:40:59.405Z","5774ed97d8e8880001b2ff6c"
"64245c0d28c4d08a819e1a07","2023-03-29T15:41:01.872Z","5c4074b625379500019a8ca5"
"64245c0e28c4d08a819e1a08","2023-03-29T15:41:02.655Z","637fab4c67c0092b80075bfb"
"64245c0e20f7049a5a59a215","2023-03-29T15:41:02.662Z","6018880c76e9e614739fde32"
"64245c0ff1ea98466bcab738","2023-03-29T15:41:03.413Z","5d5b9c693234e300154e514f"
"64245c1028c4d08a819e1a0a","2023-03-29T15:41:04.092Z","63cf05631552a8d1b2348bd6"
"64245c11e39f7b05b626a4e5","2023-03-29T15:41:05.174Z","64135994fa1c09f8a0b91b95"
"64245c13e39f7b05b626a4eb","2023-03-29T15:41:07.919Z","5c4ff1ff3e4c8400010aa969"
"64245c1420f7049a5a59a219","2023-03-29T15:41:08.087Z","5d28c6e339e2c7001a40eedd"
"64245c15f1ea98466bcab73d","2023-03-29T15:41:09.277Z","60250e892b5c5727eeeef076"
"64245c1628c4d08a819e1a0c","2023-03-29T15:41:10.047Z","5e3ddcf95556b204cb143eab"
"64245c1620f7049a5a59a21a","2023-03-29T15:41:10.158Z","596155a998cf77000106f8d8"
"64245c18e39f7b05b626a4ed","2023-03-29T15:41:12.216Z","5d74ce25e8351c0018f3f28f"
"64245c182f63da2abdc4a329","2023-03-29T15:41:12.295Z","61fa9085d42cb19beec4915d"
"64245c19f1ea98466bcab741","2023-03-29T15:41:13.437Z","62fce9a6d7fa7bc8559d6ce1"
"64245c1ae39f7b05b626a4ee","2023-03-29T15:41:14.085Z","5a9d68a3dbdb470001eefb79"
"64245c1ad1669f500a2dae05","2023-03-29T15:41:14.269Z","614721cb6d8ce56e9e7aff9d"
"64245c1ad1669f500a2dae06","2023-03-29T15:41:14.770Z","5c7ff97ff94c350001c19cd6"
"64245c1dd1669f500a2dae08","2023-03-29T15:41:17.106Z","6165754a7219521b599335a0"
"64245c1d20f7049a5a59a21d","2023-03-29T15:41:17.603Z","62347ee217c402f4acae35d0"
"64245c1e28c4d08a819e1a0e","2023-03-29T15:41:18.096Z","6342d1cdc60c1743d86b5065"
"64245c1fe39f7b05b626a4f0","2023-03-29T15:41:19.371Z","64136639b4821a98099a34c3"
"64245c2020f7049a5a59a221","2023-03-29T15:41:20.489Z","594a8e2eeaa18e000163f6cd"
"64245c21f1ea98466bcab74c","2023-03-29T15:41:21.499Z","5eee77689e63ac330681ffe9"
"64245c22d1669f500a2dae0d","2023-03-29T15:41:22.031Z","636a354233b567a40c34ef2f"
"64245c22f1ea98466bcab74d","2023-03-29T15:41:22.520Z","5bb7b83ab791890001f4fd90"
"64245c222f63da2abdc4a32f","2023-03-29T15:41:22.620Z","63d13b661bfdef8a4221cc4d"
"64245c23e39f7b05b626a4f6","2023-03-29T15:41:23.092Z","599c1130638529000144ffdd"
"64245c235d47dbfaf1a71e51","2023-03-29T15:41:23.215Z","63469b33c8cdbd6d3067c28b"
"64245c232f63da2abdc4a330","2023-03-29T15:41:23.314Z","63c15473935ae0d7279b094f"
"64245c23d1669f500a2dae10","2023-03-29T15:41:23.533Z","6116f994419d66823ecd35b0"
"64245c25f1ea98466bcab751","2023-03-29T15:41:25.826Z","63e51be6160d87e5c89fa19d"
"64245c26f1ea98466bcab752","2023-03-29T15:41:26.676Z","637fefef5c620e2f66047f28"
"64245c27f1ea98466bcab753","2023-03-29T15:41:27.948Z","63ecfe343c4d295df436a487"
"64245c29d51fb5cfd5fc1f24","2023-03-29T15:41:29.766Z","56a896fa7f2472000c93768d"
"64245c2c20f7049a5a59a228","2023-03-29T15:41:32.808Z","5c64059c9dcb0f0001d6cea2"
"64245c3073721ed1e99a3e37","2023-03-29T15:41:36.702Z","60ad5facd7eb2ffaa86388a8"
"64245c30d51fb5cfd5fc1f25","2023-03-29T15:41:36.895Z","5b2a2d855b5c0900018b0bf5"
"64245c3173721ed1e99a3e39","2023-03-29T15:41:37.590Z","5cdc899d48d5f100195fafff"
"64245c3220f7049a5a59a22c","2023-03-29T15:41:38.646Z","62b0c2e6bbb517b6acd0d241"
"64245c3473721ed1e99a3e3c","2023-03-29T15:41:40.495Z","55c09e19fdf99b16c1fa925d"
"64245c39e39f7b05b626a4fd","2023-03-29T15:41:45.797Z","5e4bc0c29b9a2e01310c6506"
"64245c3ae39f7b05b626a4fe","2023-03-29T15:41:46.936Z","60735ba783112811b736c8da"
"64245c3b2f63da2abdc4a33b","2023-03-29T15:41:47.204Z","64135a534b0cddfc3e993248"
"64245c3b2f63da2abdc4a33c","2023-03-29T15:41:47.535Z","6102bbdba4dd279363094fca"
"64245c3bf1ea98466bcab757","2023-03-29T15:41:47.636Z","5a0a057c80acd80001047392"
"64245c3b20f7049a5a59a232","2023-03-29T15:41:47.761Z","5d08077f5826920017833401"
"64245c3b73721ed1e99a3e40","2023-03-29T15:41:47.946Z","62e1670db59638aaed7d8533"
"64245c3e73721ed1e99a3e41","2023-03-29T15:41:50.359Z","590203d0fb96b90001dddae0"
"64245c3ff1ea98466bcab75b","2023-03-29T15:41:51.183Z","5d77ee935bdfd20015f3b307"
"64245c40d1669f500a2dae12","2023-03-29T15:41:52.231Z","5f0ced9d5a17786fb11b7f47"
"64245c40d51fb5cfd5fc1f31","2023-03-29T15:41:52.842Z","63d1125c54e8148f4cd30a65"
"64245c41d51fb5cfd5fc1f32","2023-03-29T15:41:53.687Z","56fbbcd14aaa50000da05e80"
"64245c42f1ea98466bcab75f","2023-03-29T15:41:54.957Z","6413603a62c72120012e05be"
"64245c4373721ed1e99a3e44","2023-03-29T15:41:55.824Z","5a4bb2a49f5e570001e8372f"
"64245c4473721ed1e99a3e45","2023-03-29T15:41:56.205Z","5a30078e1f4fab00014991ba"
"64245c44d51fb5cfd5fc1f35","2023-03-29T15:41:56.299Z","58df90cecc6d9800018c5d58"
"64245c44f1ea98466bcab761","2023-03-29T15:41:56.485Z","621f78436ef8ff893a3768dc"
"64245c45d51fb5cfd5fc1f36","2023-03-29T15:41:57.210Z","63d3f9134dd046702eb282e2"
"64245c46d51fb5cfd5fc1f37","2023-03-29T15:41:58.461Z","63cfdefcf2ee0355b64d6f03"
"64245c46f1ea98466bcab765","2023-03-29T15:41:58.855Z","5702fde2d4cf7f00089471f3"
"64245c48d51fb5cfd5fc1f3a","2023-03-29T15:42:00.494Z","6414700ca2b49ecb73f91a6d"
"64245c4bd51fb5cfd5fc1f3d","2023-03-29T15:42:03.662Z","611bcfb66766d27a2ae33300"
"64245c4cd51fb5cfd5fc1f3e","2023-03-29T15:42:04.069Z","612f350052a72eaeac5b9703"
"64245c4cf1ea98466bcab769","2023-03-29T15:42:04.143Z","5f60c23b536ef9026ec9ece4"
"64245c4c2f63da2abdc4a345","2023-03-29T15:42:04.225Z","5fb3f05f5848d70009c7c9b1"
"64245c4cf1ea98466bcab76b","2023-03-29T15:42:04.996Z","5bd2034025db7b000178ad8a"
"64245c4ed1669f500a2dae1a","2023-03-29T15:42:06.188Z","5a79aa2df49c9a0001f314bf"
"64245c4e2f63da2abdc4a347","2023-03-29T15:42:06.321Z","60d59f6811d8cb18ea8d8145"
"64245c4f2f63da2abdc4a349","2023-03-29T15:42:07.892Z","5ed10ffbcd9b9401793b67a7"
"64245c50d1669f500a2dae1d","2023-03-29T15:42:08.274Z","6400f78239b2d28e8caf8db4"
"64245c512f63da2abdc4a34b","2023-03-29T15:42:09.356Z","5d8b66f5d189bd001a378273"
"64245c52f1ea98466bcab772","2023-03-29T15:42:10.389Z","5e42d31f3c8ba101131b0226"
"64245c522f63da2abdc4a34c","2023-03-29T15:42:10.437Z","63d79c0e08730642b9dd81c6"
"64245c5220f7049a5a59a234","2023-03-29T15:42:10.859Z","6283c36ad3efe29ccf3d414e"
"64245c53d1669f500a2dae1e","2023-03-29T15:42:11.314Z","5fb65b8d37a9c716ce157c82"
"64245c5420f7049a5a59a236","2023-03-29T15:42:12.000Z","5bfb005a8386580001ed47a5"
"64245c54d1669f500a2dae20","2023-03-29T15:42:12.739Z","5a69257731b87a0001c76293"
"64245c5e20f7049a5a59a23e","2023-03-29T15:42:22.724Z","568aab53316b10000d50d76b"
"64245c61f1ea98466bcab779","2023-03-29T15:42:25.274Z","63ed0d53d29b93c07b61bbca"
"64245c62f1ea98466bcab77b","2023-03-29T15:42:26.589Z","56b12c0e9f1826000cbcc76c"
"64245c662f63da2abdc4a356","2023-03-29T15:42:30.414Z","5c28b31a0091e40001ca5030"
"64245c6bf1ea98466bcab787","2023-03-29T15:42:35.528Z","57b4aaf1cda70d0001534838"
"64245c6c20f7049a5a59a244","2023-03-29T15:42:36.263Z","62fbb87f338d2263354eae25"
"64245c7320f7049a5a59a24b","2023-03-29T15:42:43.841Z","5c56eb0e59095a0001bac969"
"64245c752f63da2abdc4a359","2023-03-29T15:42:45.123Z","62850a124de32f71f54a8aec"
"64245c7f2f63da2abdc4a361","2023-03-29T15:42:55.086Z","5f78eb1e3074f64de5e59754"
"64245c892f63da2abdc4a36b","2023-03-29T15:43:05.579Z","5f9ac21781712420577377a3"
"64245c8d2f63da2abdc4a370","2023-03-29T15:43:09.344Z","5d7fea714477a000012cc297"
"64245c912f63da2abdc4a373","2023-03-29T15:43:13.234Z","63cedbe5665dc2acf6c1480f"
"64245c9b2f63da2abdc4a37a","2023-03-29T15:43:23.775Z","63d7abc6aa9f10a4fc6a5e10"
"64245ca72f63da2abdc4a381","2023-03-29T15:43:35.589Z","63d15aaba87f414cf7eddcc5"
"64245cbad1669f500a2dae46","2023-03-29T15:43:54.439Z","63d96ff56b577f6ac10e5f6c"
"64245cd373721ed1e99a3e63","2023-03-29T15:44:19.925Z","57dfd8f5631235000138b0e1"
"64245ce173721ed1e99a3e6f","2023-03-29T15:44:33.387Z","5fa92f3172de7e02d5d77656"
"64245d0573721ed1e99a3e7d","2023-03-29T15:45:09.863Z","6368f63b50877e152c6c2d06"
"64245d24f1ea98466bcab7bb","2023-03-29T15:45:40.627Z","630382e1437566a48f78a56f"
"64245d2673721ed1e99a3e85","2023-03-29T15:45:42.444Z","5ef7c592ae02864f768524cf"
"64245d3bf1ea98466bcab7c3","2023-03-29T15:46:03.906Z","5c4fe78f8ac59200014cf239"
"64245d45f1ea98466bcab7c7","2023-03-29T15:46:13.660Z","5f088ba29bf08d0b3885f726"
"64245d53f1ea98466bcab7cb","2023-03-29T15:46:27.481Z","631a00f38626466e7231323d"
"64245d6ef1ea98466bcab7d8","2023-03-29T15:46:54.524Z","62e03459db241242dda5b779"
"64245daaf1ea98466bcab7e7","2023-03-29T15:47:54.197Z","5c4338d8a04c050001a0a876"
"64245dc573721ed1e99a3e97","2023-03-29T15:48:21.815Z","5a049dd65d06850001aff4f9"
"64245e1af1ea98466bcab7fa","2023-03-29T15:49:46.153Z","5a81acbdeea3d300016e4920"
"64245e1ff1ea98466bcab7fb","2023-03-29T15:49:51.114Z","5eb6d09db2c9c85dd30dc94e"
"64245ea7f1ea98466bcab80c","2023-03-29T15:52:07.547Z","612527c1be18d6d3134011dd"
"64245f6cf1ea98466bcab812","2023-03-29T15:55:24.970Z","63d7ed23658859de19d2bd66"
"64245f70f1ea98466bcab813","2023-03-29T15:55:28.642Z","62e25115fb932baf4a93173f"
"64245f72f1ea98466bcab814","2023-03-29T15:55:30.124Z","5d960c43fbfe0500171450c7"
"64245f89f1ea98466bcab815","2023-03-29T15:55:53.611Z","5ad4a1eb754a0d0001622e5e"
"64245f8af1ea98466bcab816","2023-03-29T15:55:54.883Z","6384e28c712de4df89cd7c98"
"64245fc8f1ea98466bcab817","2023-03-29T15:56:56.719Z","63d53d53a7a7b0379ba289cf"
"64245fd4f1ea98466bcab818","2023-03-29T15:57:08.542Z","5c377642bc6444000133aae9"
"64245fe2f1ea98466bcab819","2023-03-29T15:57:22.428Z","56815ef3c5767f00121d2088"
"642460a3f1ea98466bcab81a","2023-03-29T16:00:35.329Z","63d43d292c81d8618d4ccd19"
"6424612cf1ea98466bcab81d","2023-03-29T16:02:52.331Z","wailokng"
"642576fc32fd304b383cfca3","2023-03-30T11:48:12.430Z","5eacc73599a2df34462204e2"
